主站启动：主机=orangepi6plus，EtherCAT接口=enp49s0，拓扑=bench-triple-slave，从站数=3。按 Ctrl+C 安全停止。
命令服务器已启动：/tmp/emaster-orangepi-bench-triple-30deg.sock
[P6.3] 跟随误差限幅: 50.00° = 63715 counts (enc=16384/1, gear=28:1, 1274.31 counts/deg)
命令服务器已启动：/tmp/emaster-orangepi-bench-triple-30deg.sock
[2008h] 轴0 增益参数:
  速度环: Kp=10 Ki=100 Kd=0 (单位 0.01)
  位置环: Kp=2000 Ki=0 Kd=0 (单位 0.01)
  电流环: Kp=0 Ki=0 Kd=0 (单位 0.01)
[2008h] 轴1 增益参数:
  速度环: Kp=10 Ki=100 Kd=0 (单位 0.01)
  位置环: Kp=2000 Ki=0 Kd=0 (单位 0.01)
  电流环: Kp=0 Ki=0 Kd=0 (单位 0.01)
[2008h] 轴2 增益参数:
  速度环: Kp=10 Ki=100 Kd=0 (单位 0.01)
  位置环: Kp=2000 Ki=0 Kd=0 (单位 0.01)
  电流环: Kp=0 Ki=0 Kd=0 (单位 0.01)
[P4.4] 从站 1 错误计数器: RX[P0=0 P1=0 P2=0 P3=0] FwdRX[P0=0 P1=0 P2=0 P3=0] EPU=0 PDI=0 PDI_code=0x00
[P4.4] 从站 2 错误计数器: RX[P0=0 P1=0 P2=0 P3=0] FwdRX[P0=0 P1=0 P2=0 P3=0] EPU=0 PDI=0 PDI_code=0x00
[P4.4] 从站 3 错误计数器: RX[P0=0 P1=0 P2=0 P3=0] FwdRX[P0=0 P1=0 P2=0 P3=0] EPU=0 PDI=0 PDI_code=0x00
[P4.3] SDO 观测线程已启动
[P4.3] session=0xffffc2d95b60
[P4.3] observer_running=1
[P4.3] axis_count=3
[INIT] Initial positions: [0]=50846 [1]=326156 [2]=178212
[MODE] Idle (no external input, holding initial position)
[P4.3] 轴0 第1次读取:
  6078h(电流) wkc=1 val=-104
  603Fh(错误) wkc=1 val=0x0000
  6079h(电压) wkc=1 val=48200 mV
  200Bh:01h(MOSFET温度) wkc=1 val=357 (35.7°C)
  200Bh:02h(电机温度) wkc=1 val=339 (33.9°C)
  200Bh:08h(电机速度) wkc=1 val=0 rpm
  200Bh:09h(速度指令) wkc=1 val=0 rpm
[P4.3] 轴0 运行期首次读到 1C32 非零：交换号=1226 missed=0 sync_error=1
[P4.3] 轴0 运行期首次读到 1C33 非零：交换号=1226 missed=0 sync_error=1
[P4.3] 轴1 第1次读取:
  6078h(电流) wkc=1 val=-7
  603Fh(错误) wkc=1 val=0x0000
  6079h(电压) wkc=1 val=48223 mV
  200Bh:01h(MOSFET温度) wkc=1 val=342 (34.2°C)
  200Bh:02h(电机温度) wkc=1 val=337 (33.7°C)
  200Bh:08h(电机速度) wkc=1 val=0 rpm
  200Bh:09h(速度指令) wkc=1 val=0 rpm
[P4.3] 轴1 运行期首次读到 1C32 非零：交换号=1255 missed=0 sync_error=1
[P4.3] 轴1 运行期首次读到 1C33 非零：交换号=1255 missed=0 sync_error=1
[P4.3] 轴2 第1次读取:
  6078h(电流) wkc=1 val=11
  603Fh(错误) wkc=1 val=0x0000
  6079h(电压) wkc=1 val=48475 mV
  200Bh:01h(MOSFET温度) wkc=1 val=359 (35.9°C)
  200Bh:02h(电机温度) wkc=1 val=328 (32.8°C)
  200Bh:08h(电机速度) wkc=1 val=0 rpm
  200Bh:09h(速度指令) wkc=1 val=0 rpm
[P4.3] 轴2 运行期首次读到 1C32 非零：交换号=1285 missed=0 sync_error=1
[P4.3] 轴2 运行期首次读到 1C33 非零：交换号=1285 missed=0 sync_error=1
[P4.3] 轴0 第2次读取:
  6078h(电流) wkc=1 val=8
  603Fh(错误) wkc=1 val=0x0000
  6079h(电压) wkc=1 val=48231 mV
  200Bh:01h(MOSFET温度) wkc=1 val=357 (35.7°C)
  200Bh:02h(电机温度) wkc=1 val=339 (33.9°C)
  200Bh:08h(电机速度) wkc=1 val=0 rpm
  200Bh:09h(速度指令) wkc=1 val=0 rpm
[P4.3] 轴1 第2次读取:
  6078h(电流) wkc=1 val=-12
  603Fh(错误) wkc=1 val=0x0000
  6079h(电压) wkc=1 val=48201 mV
  200Bh:01h(MOSFET温度) wkc=1 val=342 (34.2°C)
  200Bh:02h(电机温度) wkc=1 val=337 (33.7°C)
  200Bh:08h(电机速度) wkc=1 val=0 rpm
  200Bh:09h(速度指令) wkc=1 val=0 rpm
[P4.3] 轴2 第2次读取:
  6078h(电流) wkc=1 val=-9
  603Fh(错误) wkc=1 val=0x0000
  6079h(电压) wkc=1 val=48434 mV
  200Bh:01h(MOSFET温度) wkc=1 val=359 (35.9°C)
  200Bh:02h(电机温度) wkc=1 val=328 (32.8°C)
  200Bh:08h(电机速度) wkc=1 val=0 rpm
  200Bh:09h(速度指令) wkc=1 val=0 rpm
[P4.3] 轴0 第3次读取:
  6078h(电流) wkc=1 val=0
  603Fh(错误) wkc=1 val=0x0000
  6079h(电压) wkc=1 val=48247 mV
  200Bh:01h(MOSFET温度) wkc=1 val=357 (35.7°C)
  200Bh:02h(电机温度) wkc=1 val=339 (33.9°C)
  200Bh:08h(电机速度) wkc=1 val=0 rpm
  200Bh:09h(速度指令) wkc=1 val=0 rpm
[P4.3] 轴1 第3次读取:
  6078h(电流) wkc=1 val=7
  603Fh(错误) wkc=1 val=0x0000
  6079h(电压) wkc=1 val=48179 mV
  200Bh:01h(MOSFET温度) wkc=1 val=342 (34.2°C)
  200Bh:02h(电机温度) wkc=1 val=337 (33.7°C)
  200Bh:08h(电机速度) wkc=1 val=0 rpm
  200Bh:09h(速度指令) wkc=1 val=0 rpm
[P4.3] 轴2 第3次读取:
  6078h(电流) wkc=1 val=8
  603Fh(错误) wkc=1 val=0x0000
  6079h(电压) wkc=1 val=48442 mV
  200Bh:01h(MOSFET温度) wkc=1 val=359 (35.9°C)
  200Bh:02h(电机温度) wkc=1 val=328 (32.8°C)
  200Bh:08h(电机速度) wkc=1 val=0 rpm
  200Bh:09h(速度指令) wkc=1 val=0 rpm
[P4.3] 轴0: 电流=-4, 错误=0x0000, 电压=48222mV, MOSFET=35.8°C, 电机=33.9°C (读取次数=20)
[P4.3] 轴1: 电流=28, 错误=0x0000, 电压=48223mV, MOSFET=34.2°C, 电机=33.7°C (读取次数=20)
[P4.3] 轴2: 电流=-3, 错误=0x0000, 电压=48395mV, MOSFET=35.9°C, 电机=32.8°C (读取次数=20)
[CMD_SERVER] Parsed command type=1
[CMD_SERVER] Enqueued, count=1
[CMD_SERVER] Parsed command type=2
[CMD_SERVER] Enqueued, count=1
[CMD_SERVER] Parsed command type=5
[CMD_SERVER] Enqueued, count=1
[MODE] Switched to EXTERNAL control
[CMD_SERVER] Parsed command type=5
[CMD_SERVER] Enqueued, count=1
[CMD_SERVER] Parsed command type=5
[CMD_SERVER] Enqueued, count=1
[CMD_SERVER] Parsed command type=5
[CMD_SERVER] Enqueued, count=1
[CMD_SERVER] Parsed command type=5
[CMD_SERVER] Enqueued, count=1
[CMD_SERVER] Parsed command type=5
[CMD_SERVER] Enqueued, count=1
[CMD_SERVER] Parsed command type=5
[CMD_SERVER] Enqueued, count=1
[CMD_SERVER] Parsed command type=5
[CMD_SERVER] Enqueued, count=1
[CMD_SERVER] Parsed command type=5
[CMD_SERVER] Enqueued, count=1
[CMD_SERVER] Parsed command type=5
[CMD_SERVER] Enqueued, count=1
[CMD_SERVER] Parsed command type=5
[CMD_SERVER] Enqueued, count=1
[CMD_SERVER] Parsed command type=5
[CMD_SERVER] Enqueued, count=1
[CMD_SERVER] Parsed command type=5
[CMD_SERVER] Enqueued, count=1
[CMD_SERVER] Parsed command type=5
[CMD_SERVER] Enqueued, count=1
[CMD_SERVER] Parsed command type=5
[CMD_SERVER] Enqueued, count=1
[CMD_SERVER] Parsed command type=5
[CMD_SERVER] Enqueued, count=1
[CMD_SERVER] Parsed command type=5
[CMD_SERVER] Enqueued, count=1
[CMD_SERVER] Parsed command type=5
[CMD_SERVER] Enqueued, count=1
[CMD_SERVER] Parsed command type=5
[CMD_SERVER] Enqueued, count=1
[CMD_SERVER] Parsed command type=5
[CMD_SERVER] Enqueued, count=1
[CMD_SERVER] Parsed command type=5
[CMD_SERVER] Enqueued, count=1
[CMD_SERVER] Parsed command type=5
[CMD_SERVER] Enqueued, count=1
[CMD_SERVER] Parsed command type=5
[CMD_SERVER] Enqueued, count=1
[CMD_SERVER] Parsed command type=5
[CMD_SERVER] Enqueued, count=1
[CMD_SERVER] Parsed command type=5
[CMD_SERVER] Enqueued, count=1
[CMD_SERVER] Parsed command type=5
[CMD_SERVER] Enqueued, count=1
[CMD_SERVER] Parsed command type=5
[CMD_SERVER] Enqueued, count=1
[CMD_SERVER] Parsed command type=5
[CMD_SERVER] Enqueued, count=1
[CMD_SERVER] Parsed command type=5
[CMD_SERVER] Enqueued, count=1
[CMD_SERVER] Parsed command type=5
[CMD_SERVER] Enqueued, count=1
[CMD_SERVER] Parsed command type=5
[CMD_SERVER] Enqueued, count=1
[CMD_SERVER] Parsed command type=5
[CMD_SERVER] Enqueued, count=1
[CMD_SERVER] Parsed command type=5
[CMD_SERVER] Enqueued, count=1
[CMD_SERVER] Parsed command type=5
[CMD_SERVER] Enqueued, count=1
[CMD_SERVER] Parsed command type=5
[CMD_SERVER] Enqueued, count=1
[CMD_SERVER] Parsed command type=5
[CMD_SERVER] Enqueued, count=1
[CMD_SERVER] Parsed command type=5
[CMD_SERVER] Enqueued, count=1
[CMD_SERVER] Parsed command type=5
[CMD_SERVER] Enqueued, count=1
[CMD_SERVER] Parsed command type=5
[CMD_SERVER] Enqueued, count=1
[CMD_SERVER] Parsed command type=5
[CMD_SERVER] Enqueued, count=1
[CMD_SERVER] Parsed command type=5
[CMD_SERVER] Enqueued, count=1
[CMD_SERVER] Parsed command type=5
[CMD_SERVER] Enqueued, count=1
[CMD_SERVER] Parsed command type=5
[CMD_SERVER] Enqueued, count=1
[CMD_SERVER] Parsed command type=5
[CMD_SERVER] Enqueued, count=1
[CMD_SERVER] Parsed command type=5
[CMD_SERVER] Enqueued, count=1
[CMD_SERVER] Parsed command type=5
[CMD_SERVER] Enqueued, count=1
[CMD_SERVER] Parsed command type=5
[CMD_SERVER] Enqueued, count=1
[P4.3] 轴0: 电流=-85, 错误=0x0000, 电压=48176mV, MOSFET=35.8°C, 电机=33.9°C (读取次数=40)
[CMD_SERVER] Parsed command type=5
[CMD_SERVER] Enqueued, count=1
[P4.3] 轴1: 电流=-76, 错误=0x0000, 电压=48236mV, MOSFET=34.3°C, 电机=33.7°C (读取次数=40)
[CMD_SERVER] Parsed command type=5
[CMD_SERVER] Enqueued, count=1
[P4.3] 轴2: 电流=-75, 错误=0x0000, 电压=48449mV, MOSFET=36.0°C, 电机=32.8°C (读取次数=40)
[CMD_SERVER] Parsed command type=5
[CMD_SERVER] Enqueued, count=1
[CMD_SERVER] Parsed command type=5
[CMD_SERVER] Enqueued, count=1
[CMD_SERVER] Parsed command type=5
[CMD_SERVER] Enqueued, count=1
[CMD_SERVER] Parsed command type=5
[CMD_SERVER] Enqueued, count=1
[CMD_SERVER] Parsed command type=5
[CMD_SERVER] Enqueued, count=1
[CMD_SERVER] Parsed command type=5
[CMD_SERVER] Enqueued, count=1
[CMD_SERVER] Parsed command type=5
[CMD_SERVER] Enqueued, count=1
[CMD_SERVER] Parsed command type=5
[CMD_SERVER] Enqueued, count=1
[CMD_SERVER] Parsed command type=5
[CMD_SERVER] Enqueued, count=1
[CMD_SERVER] Parsed command type=5
[CMD_SERVER] Enqueued, count=1
[CMD_SERVER] Parsed command type=5
[CMD_SERVER] Enqueued, count=1
[CMD_SERVER] Parsed command type=5
[CMD_SERVER] Enqueued, count=1
[CMD_SERVER] Parsed command type=5
[CMD_SERVER] Enqueued, count=1
[CMD_SERVER] Parsed command type=5
[CMD_SERVER] Enqueued, count=1
[CMD_SERVER] Parsed command type=5
[CMD_SERVER] Enqueued, count=1
[CMD_SERVER] Parsed command type=5
[CMD_SERVER] Enqueued, count=1
[CMD_SERVER] Parsed command type=5
[CMD_SERVER] Enqueued, count=1
[CMD_SERVER] Parsed command type=5
[CMD_SERVER] Enqueued, count=1
[CMD_SERVER] Parsed command type=5
[CMD_SERVER] Enqueued, count=1
[CMD_SERVER] Parsed command type=5
[CMD_SERVER] Enqueued, count=1
[CMD_SERVER] Parsed command type=5
[CMD_SERVER] Enqueued, count=1
[CMD_SERVER] Parsed command type=5
[CMD_SERVER] Enqueued, count=1
[CMD_SERVER] Parsed command type=5
[CMD_SERVER] Enqueued, count=1
[CMD_SERVER] Parsed command type=5
[CMD_SERVER] Enqueued, count=1
[CMD_SERVER] Parsed command type=5
[CMD_SERVER] Enqueued, count=1
[CMD_SERVER] Parsed command type=5
[CMD_SERVER] Enqueued, count=1
[CMD_SERVER] Parsed command type=5
[CMD_SERVER] Enqueued, count=1
[CMD_SERVER] Parsed command type=5
[CMD_SERVER] Enqueued, count=1
[CMD_SERVER] Parsed command type=5
[CMD_SERVER] Enqueued, count=1
[CMD_SERVER] Parsed command type=5
[CMD_SERVER] Enqueued, count=1
[CMD_SERVER] Parsed command type=5
[CMD_SERVER] Enqueued, count=1
[CMD_SERVER] Parsed command type=5
[CMD_SERVER] Enqueued, count=1
[CMD_SERVER] Parsed command type=5
[CMD_SERVER] Enqueued, count=1
[CMD_SERVER] Parsed command type=5
[CMD_SERVER] Enqueued, count=1
[CMD_SERVER] Parsed command type=5
[CMD_SERVER] Enqueued, count=1
[CMD_SERVER] Parsed command type=5
[CMD_SERVER] Enqueued, count=1
[CMD_SERVER] Parsed command type=5
[CMD_SERVER] Enqueued, count=1
[CMD_SERVER] Parsed command type=5
[CMD_SERVER] Enqueued, count=1
[CMD_SERVER] Parsed command type=5
[CMD_SERVER] Enqueued, count=1
[CMD_SERVER] Parsed command type=5
[CMD_SERVER] Enqueued, count=1
[CMD_SERVER] Parsed command type=5
[CMD_SERVER] Enqueued, count=1
[CMD_SERVER] Parsed command type=5
[CMD_SERVER] Enqueued, count=1
[CMD_SERVER] Parsed command type=5
[CMD_SERVER] Enqueued, count=1
[CMD_SERVER] Parsed command type=5
[CMD_SERVER] Enqueued, count=1
[CMD_SERVER] Parsed command type=5
[CMD_SERVER] Enqueued, count=1
[CMD_SERVER] Parsed command type=5
[CMD_SERVER] Enqueued, count=1
[CMD_SERVER] Parsed command type=5
[CMD_SERVER] Enqueued, count=1
[CMD_SERVER] Parsed command type=5
[CMD_SERVER] Enqueued, count=1
[CMD_SERVER] Parsed command type=5
[CMD_SERVER] Enqueued, count=1
[CMD_SERVER] Parsed command type=5
[CMD_SERVER] Enqueued, count=1
[CMD_SERVER] Parsed command type=5
[CMD_SERVER] Enqueued, count=1
[CMD_SERVER] Parsed command type=5
[CMD_SERVER] Enqueued, count=1
[CMD_SERVER] Parsed command type=5
[CMD_SERVER] Enqueued, count=1
[CMD_SERVER] Parsed command type=5
[CMD_SERVER] Enqueued, count=1
[CMD_SERVER] Parsed command type=5
[CMD_SERVER] Enqueued, count=1
[CMD_SERVER] Parsed command type=5
[CMD_SERVER] Enqueued, count=1
[CMD_SERVER] Parsed command type=5
[CMD_SERVER] Enqueued, count=1
[CMD_SERVER] Parsed command type=5
[CMD_SERVER] Enqueued, count=1
[CMD_SERVER] Parsed command type=5
[CMD_SERVER] Enqueued, count=1
[CMD_SERVER] Parsed command type=5
[CMD_SERVER] Enqueued, count=1
[CMD_SERVER] Parsed command type=5
[CMD_SERVER] Enqueued, count=1
[CMD_SERVER] Parsed command type=5
[CMD_SERVER] Enqueued, count=1
[CMD_SERVER] Parsed command type=5
[CMD_SERVER] Enqueued, count=1
[CMD_SERVER] Parsed command type=5
[CMD_SERVER] Enqueued, count=1
[CMD_SERVER] Parsed command type=5
[CMD_SERVER] Enqueued, count=1
[CMD_SERVER] Parsed command type=5
[CMD_SERVER] Enqueued, count=1
[CMD_SERVER] Parsed command type=5
[CMD_SERVER] Enqueued, count=1
[CMD_SERVER] Parsed command type=5
[CMD_SERVER] Enqueued, count=1
[CMD_SERVER] Parsed command type=5
[CMD_SERVER] Enqueued, count=1
[CMD_SERVER] Parsed command type=5
[CMD_SERVER] Enqueued, count=1
[CMD_SERVER] Parsed command type=5
[CMD_SERVER] Enqueued, count=1
[CMD_SERVER] Parsed command type=5
[CMD_SERVER] Enqueued, count=1
[CMD_SERVER] Parsed command type=5
[CMD_SERVER] Enqueued, count=1
[CMD_SERVER] Parsed command type=5
[CMD_SERVER] Enqueued, count=1
[CMD_SERVER] Parsed command type=5
[CMD_SERVER] Enqueued, count=1
[CMD_SERVER] Parsed command type=5
[CMD_SERVER] Enqueued, count=1
[CMD_SERVER] Parsed command type=5
[CMD_SERVER] Enqueued, count=1
[CMD_SERVER] Parsed command type=5
[CMD_SERVER] Enqueued, count=1
[CMD_SERVER] Parsed command type=5
[CMD_SERVER] Enqueued, count=1
[CMD_SERVER] Parsed command type=5
[CMD_SERVER] Enqueued, count=1
[CMD_SERVER] Parsed command type=5
[CMD_SERVER] Enqueued, count=1
[CMD_SERVER] Parsed command type=5
[CMD_SERVER] Enqueued, count=1
[CMD_SERVER] Parsed command type=5
[CMD_SERVER] Enqueued, count=1
[CMD_SERVER] Parsed command type=5
[CMD_SERVER] Enqueued, count=1
[CMD_SERVER] Parsed command type=5
[CMD_SERVER] Enqueued, count=1
[CMD_SERVER] Parsed command type=5
[CMD_SERVER] Enqueued, count=1
[CMD_SERVER] Parsed command type=5
[CMD_SERVER] Enqueued, count=1
[CMD_SERVER] Parsed command type=5
[CMD_SERVER] Enqueued, count=1
[P4.3] 轴0: 电流=-118, 错误=0x0000, 电压=48215mV, MOSFET=35.9°C, 电机=33.9°C (读取次数=60)
[P4.3] 轴1: 电流=-86, 错误=0x0000, 电压=48208mV, MOSFET=34.3°C, 电机=33.7°C (读取次数=60)
[CMD_SERVER] Parsed command type=5
[CMD_SERVER] Enqueued, count=1
[P4.3] 轴2: 电流=-47, 错误=0x0000, 电压=48434mV, MOSFET=36.0°C, 电机=32.8°C (读取次数=60)
[CMD_SERVER] Parsed command type=5
[CMD_SERVER] Enqueued, count=1
[CMD_SERVER] Parsed command type=5
[CMD_SERVER] Enqueued, count=1
[CMD_SERVER] Parsed command type=5
[CMD_SERVER] Enqueued, count=1
[CMD_SERVER] Parsed command type=5
[CMD_SERVER] Enqueued, count=1
[CMD_SERVER] Parsed command type=5
[CMD_SERVER] Enqueued, count=1
[CMD_SERVER] Parsed command type=5
[CMD_SERVER] Enqueued, count=1
[CMD_SERVER] Parsed command type=5
[CMD_SERVER] Enqueued, count=1
[CMD_SERVER] Parsed command type=5
[CMD_SERVER] Enqueued, count=1
[CMD_SERVER] Parsed command type=5
[CMD_SERVER] Enqueued, count=1
[CMD_SERVER] Parsed command type=5
[CMD_SERVER] Enqueued, count=1
[CMD_SERVER] Parsed command type=5
[CMD_SERVER] Enqueued, count=1
[CMD_SERVER] Parsed command type=5
[CMD_SERVER] Enqueued, count=1
[CMD_SERVER] Parsed command type=5
[CMD_SERVER] Enqueued, count=1
[CMD_SERVER] Parsed command type=5
[CMD_SERVER] Enqueued, count=1
[CMD_SERVER] Parsed command type=5
[CMD_SERVER] Enqueued, count=1
[CMD_SERVER] Parsed command type=5
[CMD_SERVER] Enqueued, count=1
[CMD_SERVER] Parsed command type=5
[CMD_SERVER] Enqueued, count=1
[CMD_SERVER] Parsed command type=5
[CMD_SERVER] Enqueued, count=1
[CMD_SERVER] Parsed command type=5
[CMD_SERVER] Enqueued, count=1
[CMD_SERVER] Parsed command type=5
[CMD_SERVER] Enqueued, count=1
[CMD_SERVER] Parsed command type=5
[CMD_SERVER] Enqueued, count=1
[CMD_SERVER] Parsed command type=5
[CMD_SERVER] Enqueued, count=1
[CMD_SERVER] Parsed command type=5
[CMD_SERVER] Enqueued, count=1
[CMD_SERVER] Parsed command type=5
[CMD_SERVER] Enqueued, count=1
[CMD_SERVER] Parsed command type=5
[CMD_SERVER] Enqueued, count=1
[CMD_SERVER] Parsed command type=5
[CMD_SERVER] Enqueued, count=1
[CMD_SERVER] Parsed command type=5
[CMD_SERVER] Enqueued, count=1
[CMD_SERVER] Parsed command type=5
[CMD_SERVER] Enqueued, count=1
[CMD_SERVER] Parsed command type=5
[CMD_SERVER] Enqueued, count=1
[CMD_SERVER] Parsed command type=5
[CMD_SERVER] Enqueued, count=1
[CMD_SERVER] Parsed command type=5
[CMD_SERVER] Enqueued, count=1
[CMD_SERVER] Parsed command type=5
[CMD_SERVER] Enqueued, count=1
[CMD_SERVER] Parsed command type=5
[CMD_SERVER] Enqueued, count=1
[CMD_SERVER] Parsed command type=5
[CMD_SERVER] Enqueued, count=1
[CMD_SERVER] Parsed command type=5
[CMD_SERVER] Enqueued, count=1
[CMD_SERVER] Parsed command type=5
[CMD_SERVER] Enqueued, count=1
[CMD_SERVER] Parsed command type=5
[CMD_SERVER] Enqueued, count=1
[CMD_SERVER] Parsed command type=5
[CMD_SERVER] Enqueued, count=1
[CMD_SERVER] Parsed command type=5
[CMD_SERVER] Enqueued, count=1
[CMD_SERVER] Parsed command type=5
[CMD_SERVER] Enqueued, count=1
[CMD_SERVER] Parsed command type=5
[CMD_SERVER] Enqueued, count=1
[CMD_SERVER] Parsed command type=5
[CMD_SERVER] Enqueued, count=1
[CMD_SERVER] Parsed command type=5
[CMD_SERVER] Enqueued, count=1
[CMD_SERVER] Parsed command type=5
[CMD_SERVER] Enqueued, count=1
[CMD_SERVER] Parsed command type=5
[CMD_SERVER] Enqueued, count=1
[CMD_SERVER] Parsed command type=5
[CMD_SERVER] Enqueued, count=1
[CMD_SERVER] Parsed command type=5
[CMD_SERVER] Enqueued, count=1
[CMD_SERVER] Parsed command type=5
[CMD_SERVER] Enqueued, count=1
[CMD_SERVER] Parsed command type=5
[CMD_SERVER] Enqueued, count=1
[CMD_SERVER] Parsed command type=5
[CMD_SERVER] Enqueued, count=1
[CMD_SERVER] Parsed command type=5
[CMD_SERVER] Enqueued, count=1
[CMD_SERVER] Parsed command type=5
[CMD_SERVER] Enqueued, count=1
[CMD_SERVER] Parsed command type=5
[CMD_SERVER] Enqueued, count=1
[CMD_SERVER] Parsed command type=5
[CMD_SERVER] Enqueued, count=1
[CMD_SERVER] Parsed command type=5
[CMD_SERVER] Enqueued, count=1
[CMD_SERVER] Parsed command type=5
[CMD_SERVER] Enqueued, count=1
[CMD_SERVER] Parsed command type=5
[CMD_SERVER] Enqueued, count=1
[CMD_SERVER] Parsed command type=5
[CMD_SERVER] Enqueued, count=1
[CMD_SERVER] Parsed command type=5
[CMD_SERVER] Enqueued, count=1
[CMD_SERVER] Parsed command type=5
[CMD_SERVER] Enqueued, count=1
[CMD_SERVER] Parsed command type=5
[CMD_SERVER] Enqueued, count=1
[CMD_SERVER] Parsed command type=5
[CMD_SERVER] Enqueued, count=1
[CMD_SERVER] Parsed command type=5
[CMD_SERVER] Enqueued, count=1
[CMD_SERVER] Parsed command type=5
[CMD_SERVER] Enqueued, count=1
[CMD_SERVER] Parsed command type=5
[CMD_SERVER] Enqueued, count=1
[CMD_SERVER] Parsed command type=5
[CMD_SERVER] Enqueued, count=1
[CMD_SERVER] Parsed command type=5
[CMD_SERVER] Enqueued, count=1
[CMD_SERVER] Parsed command type=5
[CMD_SERVER] Enqueued, count=1
[CMD_SERVER] Parsed command type=5
[CMD_SERVER] Enqueued, count=1
[CMD_SERVER] Parsed command type=5
[CMD_SERVER] Enqueued, count=1
[CMD_SERVER] Parsed command type=5
[CMD_SERVER] Enqueued, count=1
[CMD_SERVER] Parsed command type=5
[CMD_SERVER] Enqueued, count=1
[CMD_SERVER] Parsed command type=5
[CMD_SERVER] Enqueued, count=1
[CMD_SERVER] Parsed command type=5
[CMD_SERVER] Enqueued, count=1
[CMD_SERVER] Parsed command type=5
[CMD_SERVER] Enqueued, count=1
[CMD_SERVER] Parsed command type=5
[CMD_SERVER] Enqueued, count=1
[CMD_SERVER] Parsed command type=5
[CMD_SERVER] Enqueued, count=1
[CMD_SERVER] Parsed command type=5
[CMD_SERVER] Enqueued, count=1
[CMD_SERVER] Parsed command type=5
[CMD_SERVER] Enqueued, count=1
[CMD_SERVER] Parsed command type=5
[CMD_SERVER] Enqueued, count=1
[CMD_SERVER] Parsed command type=5
[CMD_SERVER] Enqueued, count=1
[CMD_SERVER] Parsed command type=5
[CMD_SERVER] Enqueued, count=1
[CMD_SERVER] Parsed command type=5
[CMD_SERVER] Enqueued, count=1
[CMD_SERVER] Parsed command type=5
[CMD_SERVER] Enqueued, count=1
[CMD_SERVER] Parsed command type=5
[CMD_SERVER] Enqueued, count=1
[CMD_SERVER] Parsed command type=5
[CMD_SERVER] Enqueued, count=1
[P4.3] 轴0: 电流=-106, 错误=0x0000, 电压=48214mV, MOSFET=36.0°C, 电机=33.9°C (读取次数=80)
[CMD_SERVER] Parsed command type=5
[CMD_SERVER] Enqueued, count=1
[P4.3] 轴1: 电流=-78, 错误=0x0000, 电压=48198mV, MOSFET=34.4°C, 电机=33.7°C (读取次数=80)
[P4.3] 轴2: 电流=-68, 错误=0x0000, 电压=48406mV, MOSFET=36.1°C, 电机=32.8°C (读取次数=80)
[CMD_SERVER] Parsed command type=5
[CMD_SERVER] Enqueued, count=1
[CMD_SERVER] Parsed command type=5
[CMD_SERVER] Enqueued, count=1
[CMD_SERVER] Parsed command type=5
[CMD_SERVER] Enqueued, count=1
[CMD_SERVER] Parsed command type=5
[CMD_SERVER] Enqueued, count=1
[CMD_SERVER] Parsed command type=5
[CMD_SERVER] Enqueued, count=1
[CMD_SERVER] Parsed command type=5
[CMD_SERVER] Enqueued, count=1
[CMD_SERVER] Parsed command type=5
[CMD_SERVER] Enqueued, count=1
[CMD_SERVER] Parsed command type=5
[CMD_SERVER] Enqueued, count=1
[CMD_SERVER] Parsed command type=5
[CMD_SERVER] Enqueued, count=1
[CMD_SERVER] Parsed command type=5
[CMD_SERVER] Enqueued, count=1
[CMD_SERVER] Parsed command type=5
[CMD_SERVER] Enqueued, count=1
[CMD_SERVER] Parsed command type=5
[CMD_SERVER] Enqueued, count=1
[CMD_SERVER] Parsed command type=5
[CMD_SERVER] Enqueued, count=1
[CMD_SERVER] Parsed command type=5
[CMD_SERVER] Enqueued, count=1
[CMD_SERVER] Parsed command type=5
[CMD_SERVER] Enqueued, count=1
[CMD_SERVER] Parsed command type=5
[CMD_SERVER] Enqueued, count=1
[CMD_SERVER] Parsed command type=5
[CMD_SERVER] Enqueued, count=1
[CMD_SERVER] Parsed command type=5
[CMD_SERVER] Enqueued, count=1
[CMD_SERVER] Parsed command type=5
[CMD_SERVER] Enqueued, count=1
[CMD_SERVER] Parsed command type=5
[CMD_SERVER] Enqueued, count=1
[CMD_SERVER] Parsed command type=5
[CMD_SERVER] Enqueued, count=1
[CMD_SERVER] Parsed command type=5
[CMD_SERVER] Enqueued, count=1
[CMD_SERVER] Parsed command type=5
[CMD_SERVER] Enqueued, count=1
[CMD_SERVER] Parsed command type=5
[CMD_SERVER] Enqueued, count=1
[CMD_SERVER] Parsed command type=5
[CMD_SERVER] Enqueued, count=1
[CMD_SERVER] Parsed command type=1
[CMD_SERVER] Enqueued, count=1
[CMD_SERVER] Parsed command type=5
[CMD_SERVER] Enqueued, count=1
[CMD_SERVER] Parsed command type=5
[CMD_SERVER] Enqueued, count=1
[CMD_SERVER] Parsed command type=5
[CMD_SERVER] Enqueued, count=1
[CMD_SERVER] Parsed command type=5
[CMD_SERVER] Enqueued, count=1
[CMD_SERVER] Parsed command type=5
[CMD_SERVER] Enqueued, count=1
[CMD_SERVER] Parsed command type=5
[CMD_SERVER] Enqueued, count=1
[CMD_SERVER] Parsed command type=5
[CMD_SERVER] Enqueued, count=1
[CMD_SERVER] Parsed command type=5
[CMD_SERVER] Enqueued, count=1
[CMD_SERVER] Parsed command type=5
[CMD_SERVER] Enqueued, count=1
[CMD_SERVER] Parsed command type=5
[CMD_SERVER] Enqueued, count=1
[CMD_SERVER] Parsed command type=5
[CMD_SERVER] Enqueued, count=1
[CMD_SERVER] Parsed command type=5
[CMD_SERVER] Enqueued, count=1
[CMD_SERVER] Parsed command type=5
[CMD_SERVER] Enqueued, count=1
[CMD_SERVER] Parsed command type=5
[CMD_SERVER] Enqueued, count=1
[CMD_SERVER] Parsed command type=5
[CMD_SERVER] Enqueued, count=1
[CMD_SERVER] Parsed command type=5
[CMD_SERVER] Enqueued, count=1
[CMD_SERVER] Parsed command type=5
[CMD_SERVER] Enqueued, count=1
[CMD_SERVER] Parsed command type=5
[CMD_SERVER] Enqueued, count=1
[CMD_SERVER] Parsed command type=5
[CMD_SERVER] Enqueued, count=1
[CMD_SERVER] Parsed command type=5
[CMD_SERVER] Enqueued, count=1
[CMD_SERVER] Parsed command type=5
[CMD_SERVER] Enqueued, count=1
[CMD_SERVER] Parsed command type=5
[CMD_SERVER] Enqueued, count=1
[CMD_SERVER] Parsed command type=5
[CMD_SERVER] Enqueued, count=1
[CMD_SERVER] Parsed command type=5
[CMD_SERVER] Enqueued, count=1
[CMD_SERVER] Parsed command type=5
[CMD_SERVER] Enqueued, count=1
[CMD_SERVER] Parsed command type=5
[CMD_SERVER] Enqueued, count=1
[CMD_SERVER] Parsed command type=5
[CMD_SERVER] Enqueued, count=1
[CMD_SERVER] Parsed command type=5
[CMD_SERVER] Enqueued, count=1
[CMD_SERVER] Parsed command type=5
[CMD_SERVER] Enqueued, count=1
[CMD_SERVER] Parsed command type=5
[CMD_SERVER] Enqueued, count=1
[CMD_SERVER] Parsed command type=5
[CMD_SERVER] Enqueued, count=1
[CMD_SERVER] Parsed command type=5
[CMD_SERVER] Enqueued, count=1
[CMD_SERVER] Parsed command type=5
[CMD_SERVER] Enqueued, count=1
[CMD_SERVER] Parsed command type=5
[CMD_SERVER] Enqueued, count=1
[CMD_SERVER] Parsed command type=5
[CMD_SERVER] Enqueued, count=1
[CMD_SERVER] Parsed command type=5
[CMD_SERVER] Enqueued, count=1
[CMD_SERVER] Parsed command type=5
[CMD_SERVER] Enqueued, count=1
[CMD_SERVER] Parsed command type=5
[CMD_SERVER] Enqueued, count=1
[CMD_SERVER] Parsed command type=5
[CMD_SERVER] Enqueued, count=1
[CMD_SERVER] Parsed command type=5
[CMD_SERVER] Enqueued, count=1
[CMD_SERVER] Parsed command type=5
[CMD_SERVER] Enqueued, count=1
[CMD_SERVER] Parsed command type=5
[CMD_SERVER] Enqueued, count=1
[CMD_SERVER] Parsed command type=5
[CMD_SERVER] Enqueued, count=1
[CMD_SERVER] Parsed command type=5
[CMD_SERVER] Enqueued, count=1
[CMD_SERVER] Parsed command type=5
[CMD_SERVER] Enqueued, count=1
[CMD_SERVER] Parsed command type=5
[CMD_SERVER] Enqueued, count=1
[CMD_SERVER] Parsed command type=5
[CMD_SERVER] Enqueued, count=1
[CMD_SERVER] Parsed command type=5
[CMD_SERVER] Enqueued, count=1
[CMD_SERVER] Parsed command type=5
[CMD_SERVER] Enqueued, count=1
[CMD_SERVER] Parsed command type=5
[CMD_SERVER] Enqueued, count=1
[CMD_SERVER] Parsed command type=5
[CMD_SERVER] Enqueued, count=1
[CMD_SERVER] Parsed command type=5
[CMD_SERVER] Enqueued, count=1
[CMD_SERVER] Parsed command type=5
[CMD_SERVER] Enqueued, count=1
[CMD_SERVER] Parsed command type=5
[CMD_SERVER] Enqueued, count=1
[CMD_SERVER] Parsed command type=5
[CMD_SERVER] Enqueued, count=1
[CMD_SERVER] Parsed command type=5
[CMD_SERVER] Enqueued, count=1
[CMD_SERVER] Parsed command type=5
[CMD_SERVER] Enqueued, count=1
[CMD_SERVER] Parsed command type=5
[CMD_SERVER] Enqueued, count=1
[CMD_SERVER] Parsed command type=5
[CMD_SERVER] Enqueued, count=1
[CMD_SERVER] Parsed command type=5
[CMD_SERVER] Enqueued, count=1
[CMD_SERVER] Parsed command type=5
[CMD_SERVER] Enqueued, count=1
[P4.3] 轴0: 电流=-61, 错误=0x0000, 电压=48175mV, MOSFET=36.0°C, 电机=33.9°C (读取次数=100)
[CMD_SERVER] Parsed command type=5
[CMD_SERVER] Enqueued, count=1
[P4.3] 轴1: 电流=-18, 错误=0x0000, 电压=48182mV, MOSFET=34.4°C, 电机=33.7°C (读取次数=100)
[P4.3] 轴2: 电流=48, 错误=0x0000, 电压=48440mV, MOSFET=36.2°C, 电机=32.8°C (读取次数=100)
[CMD_SERVER] Parsed command type=5
[CMD_SERVER] Enqueued, count=1
[CMD_SERVER] Parsed command type=5
[CMD_SERVER] Enqueued, count=1
[CMD_SERVER] Parsed command type=5
[CMD_SERVER] Enqueued, count=1
[CMD_SERVER] Parsed command type=5
[CMD_SERVER] Enqueued, count=1
[CMD_SERVER] Parsed command type=5
[CMD_SERVER] Enqueued, count=1
[CMD_SERVER] Parsed command type=5
[CMD_SERVER] Enqueued, count=1
[CMD_SERVER] Parsed command type=5
[CMD_SERVER] Enqueued, count=1
[CMD_SERVER] Parsed command type=5
[CMD_SERVER] Enqueued, count=1
[CMD_SERVER] Parsed command type=5
[CMD_SERVER] Enqueued, count=1
[CMD_SERVER] Parsed command type=5
[CMD_SERVER] Enqueued, count=1
[CMD_SERVER] Parsed command type=5
[CMD_SERVER] Enqueued, count=1
[CMD_SERVER] Parsed command type=5
[CMD_SERVER] Enqueued, count=1
[CMD_SERVER] Parsed command type=5
[CMD_SERVER] Enqueued, count=1
[CMD_SERVER] Parsed command type=5
[CMD_SERVER] Enqueued, count=1
[CMD_SERVER] Parsed command type=5
[CMD_SERVER] Enqueued, count=1
[CMD_SERVER] Parsed command type=5
[CMD_SERVER] Enqueued, count=1
[CMD_SERVER] Parsed command type=5
[CMD_SERVER] Enqueued, count=1
[CMD_SERVER] Parsed command type=5
[CMD_SERVER] Enqueued, count=1
[CMD_SERVER] Parsed command type=5
[CMD_SERVER] Enqueued, count=1
[CMD_SERVER] Parsed command type=5
[CMD_SERVER] Enqueued, count=1
[CMD_SERVER] Parsed command type=5
[CMD_SERVER] Enqueued, count=1
[CMD_SERVER] Parsed command type=5
[CMD_SERVER] Enqueued, count=1
[CMD_SERVER] Parsed command type=5
[CMD_SERVER] Enqueued, count=1
[CMD_SERVER] Parsed command type=5
[CMD_SERVER] Enqueued, count=1
[CMD_SERVER] Parsed command type=5
[CMD_SERVER] Enqueued, count=1
[CMD_SERVER] Parsed command type=5
[CMD_SERVER] Enqueued, count=1
[CMD_SERVER] Parsed command type=5
[CMD_SERVER] Enqueued, count=1
[CMD_SERVER] Parsed command type=5
[CMD_SERVER] Enqueued, count=1
[CMD_SERVER] Parsed command type=5
[CMD_SERVER] Enqueued, count=1
[CMD_SERVER] Parsed command type=5
[CMD_SERVER] Enqueued, count=1
[CMD_SERVER] Parsed command type=5
[CMD_SERVER] Enqueued, count=1
[CMD_SERVER] Parsed command type=5
[CMD_SERVER] Enqueued, count=1
[CMD_SERVER] Parsed command type=5
[CMD_SERVER] Enqueued, count=1
[CMD_SERVER] Parsed command type=5
[CMD_SERVER] Enqueued, count=1
[CMD_SERVER] Parsed command type=5
[CMD_SERVER] Enqueued, count=1
[CMD_SERVER] Parsed command type=5
[CMD_SERVER] Enqueued, count=1
[CMD_SERVER] Parsed command type=5
[CMD_SERVER] Enqueued, count=1
[CMD_SERVER] Parsed command type=5
[CMD_SERVER] Enqueued, count=1
[CMD_SERVER] Parsed command type=5
[CMD_SERVER] Enqueued, count=1
[CMD_SERVER] Parsed command type=5
[CMD_SERVER] Enqueued, count=1
[CMD_SERVER] Parsed command type=5
[CMD_SERVER] Enqueued, count=1
[CMD_SERVER] Parsed command type=5
[CMD_SERVER] Enqueued, count=1
[CMD_SERVER] Parsed command type=5
[CMD_SERVER] Enqueued, count=1
[CMD_SERVER] Parsed command type=5
[CMD_SERVER] Enqueued, count=1
[CMD_SERVER] Parsed command type=5
[CMD_SERVER] Enqueued, count=1
[CMD_SERVER] Parsed command type=5
[CMD_SERVER] Enqueued, count=1
[CMD_SERVER] Parsed command type=5
[CMD_SERVER] Enqueued, count=1
[CMD_SERVER] Parsed command type=5
[CMD_SERVER] Enqueued, count=1
[CMD_SERVER] Parsed command type=5
[CMD_SERVER] Enqueued, count=1
[CMD_SERVER] Parsed command type=5
[CMD_SERVER] Enqueued, count=1
[CMD_SERVER] Parsed command type=5
[CMD_SERVER] Enqueued, count=1
[CMD_SERVER] Parsed command type=5
[CMD_SERVER] Enqueued, count=1
[CMD_SERVER] Parsed command type=5
[CMD_SERVER] Enqueued, count=1
[CMD_SERVER] Parsed command type=5
[CMD_SERVER] Enqueued, count=1
[CMD_SERVER] Parsed command type=5
[CMD_SERVER] Enqueued, count=1
[CMD_SERVER] Parsed command type=5
[CMD_SERVER] Enqueued, count=1
[CMD_SERVER] Parsed command type=5
[CMD_SERVER] Enqueued, count=1
[CMD_SERVER] Parsed command type=5
[CMD_SERVER] Enqueued, count=1
[CMD_SERVER] Parsed command type=5
[CMD_SERVER] Enqueued, count=1
[CMD_SERVER] Parsed command type=5
[CMD_SERVER] Enqueued, count=1
[CMD_SERVER] Parsed command type=5
[CMD_SERVER] Enqueued, count=1
[CMD_SERVER] Parsed command type=5
[CMD_SERVER] Enqueued, count=1
[CMD_SERVER] Parsed command type=5
[CMD_SERVER] Enqueued, count=1
[CMD_SERVER] Parsed command type=5
[CMD_SERVER] Enqueued, count=1
[CMD_SERVER] Parsed command type=5
[CMD_SERVER] Enqueued, count=1
[CMD_SERVER] Parsed command type=5
[CMD_SERVER] Enqueued, count=1
[CMD_SERVER] Parsed command type=5
[CMD_SERVER] Enqueued, count=1
[CMD_SERVER] Parsed command type=5
[CMD_SERVER] Enqueued, count=1
[CMD_SERVER] Parsed command type=5
[CMD_SERVER] Enqueued, count=1
[CMD_SERVER] Parsed command type=5
[CMD_SERVER] Enqueued, count=1
[CMD_SERVER] Parsed command type=5
[CMD_SERVER] Enqueued, count=1
[CMD_SERVER] Parsed command type=5
[CMD_SERVER] Enqueued, count=1
[CMD_SERVER] Parsed command type=5
[CMD_SERVER] Enqueued, count=1
[CMD_SERVER] Parsed command type=5
[CMD_SERVER] Enqueued, count=1
[CMD_SERVER] Parsed command type=5
[CMD_SERVER] Enqueued, count=1
[CMD_SERVER] Parsed command type=5
[CMD_SERVER] Enqueued, count=1
[CMD_SERVER] Parsed command type=5
[CMD_SERVER] Enqueued, count=1
[CMD_SERVER] Parsed command type=5
[CMD_SERVER] Enqueued, count=1
[CMD_SERVER] Parsed command type=5
[CMD_SERVER] Enqueued, count=1
[CMD_SERVER] Parsed command type=5
[CMD_SERVER] Enqueued, count=1
[CMD_SERVER] Parsed command type=5
[CMD_SERVER] Enqueued, count=1
[CMD_SERVER] Parsed command type=5
[CMD_SERVER] Enqueued, count=1
[CMD_SERVER] Parsed command type=5
[CMD_SERVER] Enqueued, count=1
[CMD_SERVER] Parsed command type=5
[CMD_SERVER] Enqueued, count=1
[CMD_SERVER] Parsed command type=5
[CMD_SERVER] Enqueued, count=1
[CMD_SERVER] Parsed command type=5
[CMD_SERVER] Enqueued, count=1
[CMD_SERVER] Parsed command type=5
[CMD_SERVER] Enqueued, count=1
[CMD_SERVER] Parsed command type=5
[CMD_SERVER] Enqueued, count=1
[P4.3] 轴0: 电流=34, 错误=0x0000, 电压=48226mV, MOSFET=36.1°C, 电机=33.9°C (读取次数=120)
[CMD_SERVER] Parsed command type=5
[CMD_SERVER] Enqueued, count=1
[P4.3] 轴1: 电流=108, 错误=0x0000, 电压=48197mV, MOSFET=34.5°C, 电机=33.7°C (读取次数=120)
[CMD_SERVER] Parsed command type=5
[CMD_SERVER] Enqueued, count=1
[P4.3] 轴2: 电流=-46, 错误=0x0000, 电压=48454mV, MOSFET=36.2°C, 电机=32.8°C (读取次数=120)
[CMD_SERVER] Parsed command type=5
[CMD_SERVER] Enqueued, count=1
[CMD_SERVER] Parsed command type=5
[CMD_SERVER] Enqueued, count=1
[CMD_SERVER] Parsed command type=5
[CMD_SERVER] Enqueued, count=1
[CMD_SERVER] Parsed command type=5
[CMD_SERVER] Enqueued, count=1
[CMD_SERVER] Parsed command type=5
[CMD_SERVER] Enqueued, count=1
[CMD_SERVER] Parsed command type=5
[CMD_SERVER] Enqueued, count=1
[CMD_SERVER] Parsed command type=5
[CMD_SERVER] Enqueued, count=1
[CMD_SERVER] Parsed command type=5
[CMD_SERVER] Enqueued, count=1
[CMD_SERVER] Parsed command type=5
[CMD_SERVER] Enqueued, count=1
[CMD_SERVER] Parsed command type=5
[CMD_SERVER] Enqueued, count=1
[CMD_SERVER] Parsed command type=5
[CMD_SERVER] Enqueued, count=1
[CMD_SERVER] Parsed command type=5
[CMD_SERVER] Enqueued, count=1
[CMD_SERVER] Parsed command type=5
[CMD_SERVER] Enqueued, count=1
[CMD_SERVER] Parsed command type=5
[CMD_SERVER] Enqueued, count=1
[CMD_SERVER] Parsed command type=5
[CMD_SERVER] Enqueued, count=1
[CMD_SERVER] Parsed command type=5
[CMD_SERVER] Enqueued, count=1
[CMD_SERVER] Parsed command type=5
[CMD_SERVER] Enqueued, count=1
[CMD_SERVER] Parsed command type=5
[CMD_SERVER] Enqueued, count=1
[CMD_SERVER] Parsed command type=5
[CMD_SERVER] Enqueued, count=1
[CMD_SERVER] Parsed command type=5
[CMD_SERVER] Enqueued, count=1
[CMD_SERVER] Parsed command type=5
[CMD_SERVER] Enqueued, count=1
[CMD_SERVER] Parsed command type=5
[CMD_SERVER] Enqueued, count=1
[CMD_SERVER] Parsed command type=5
[CMD_SERVER] Enqueued, count=1
[CMD_SERVER] Parsed command type=5
[CMD_SERVER] Enqueued, count=1
[CMD_SERVER] Parsed command type=5
[CMD_SERVER] Enqueued, count=1
[CMD_SERVER] Parsed command type=5
[CMD_SERVER] Enqueued, count=1
[CMD_SERVER] Parsed command type=5
[CMD_SERVER] Enqueued, count=1
[CMD_SERVER] Parsed command type=5
[CMD_SERVER] Enqueued, count=1
[CMD_SERVER] Parsed command type=5
[CMD_SERVER] Enqueued, count=1
[CMD_SERVER] Parsed command type=5
[CMD_SERVER] Enqueued, count=1
[CMD_SERVER] Parsed command type=5
[CMD_SERVER] Enqueued, count=1
[CMD_SERVER] Parsed command type=5
[CMD_SERVER] Enqueued, count=1
[CMD_SERVER] Parsed command type=5
[CMD_SERVER] Enqueued, count=1
[CMD_SERVER] Parsed command type=5
[CMD_SERVER] Enqueued, count=1
[CMD_SERVER] Parsed command type=5
[CMD_SERVER] Enqueued, count=1
[CMD_SERVER] Parsed command type=5
[CMD_SERVER] Enqueued, count=1
[CMD_SERVER] Parsed command type=5
[CMD_SERVER] Enqueued, count=1
[CMD_SERVER] Parsed command type=5
[CMD_SERVER] Enqueued, count=1
[CMD_SERVER] Parsed command type=5
[CMD_SERVER] Enqueued, count=1
[CMD_SERVER] Parsed command type=5
[CMD_SERVER] Enqueued, count=1
[CMD_SERVER] Parsed command type=5
[CMD_SERVER] Enqueued, count=1
[CMD_SERVER] Parsed command type=5
[CMD_SERVER] Enqueued, count=1
[CMD_SERVER] Parsed command type=5
[CMD_SERVER] Enqueued, count=1
[CMD_SERVER] Parsed command type=5
[CMD_SERVER] Enqueued, count=1
[CMD_SERVER] Parsed command type=5
[CMD_SERVER] Enqueued, count=1
[CMD_SERVER] Parsed command type=5
[CMD_SERVER] Enqueued, count=1
[CMD_SERVER] Parsed command type=5
[CMD_SERVER] Enqueued, count=1
[CMD_SERVER] Parsed command type=5
[CMD_SERVER] Enqueued, count=1
[CMD_SERVER] Parsed command type=5
[CMD_SERVER] Enqueued, count=1
[CMD_SERVER] Parsed command type=5
[CMD_SERVER] Enqueued, count=1
[CMD_SERVER] Parsed command type=5
[CMD_SERVER] Enqueued, count=1
[CMD_SERVER] Parsed command type=5
[CMD_SERVER] Enqueued, count=1
[CMD_SERVER] Parsed command type=5
[CMD_SERVER] Enqueued, count=1
[CMD_SERVER] Parsed command type=5
[CMD_SERVER] Enqueued, count=1
[CMD_SERVER] Parsed command type=5
[CMD_SERVER] Enqueued, count=1
[CMD_SERVER] Parsed command type=5
[CMD_SERVER] Enqueued, count=1
[CMD_SERVER] Parsed command type=5
[CMD_SERVER] Enqueued, count=1
[CMD_SERVER] Parsed command type=5
[CMD_SERVER] Enqueued, count=1
[CMD_SERVER] Parsed command type=5
[CMD_SERVER] Enqueued, count=1
[CMD_SERVER] Parsed command type=5
[CMD_SERVER] Enqueued, count=1
[CMD_SERVER] Parsed command type=5
[CMD_SERVER] Enqueued, count=1
[CMD_SERVER] Parsed command type=5
[CMD_SERVER] Enqueued, count=1
[CMD_SERVER] Parsed command type=5
[CMD_SERVER] Enqueued, count=1
[CMD_SERVER] Parsed command type=5
[CMD_SERVER] Enqueued, count=1
[CMD_SERVER] Parsed command type=5
[CMD_SERVER] Enqueued, count=1
[CMD_SERVER] Parsed command type=5
[CMD_SERVER] Enqueued, count=1
[CMD_SERVER] Parsed command type=5
[CMD_SERVER] Enqueued, count=1
[CMD_SERVER] Parsed command type=5
[CMD_SERVER] Enqueued, count=1
[CMD_SERVER] Parsed command type=5
[CMD_SERVER] Enqueued, count=1
[CMD_SERVER] Parsed command type=5
[CMD_SERVER] Enqueued, count=1
[CMD_SERVER] Parsed command type=5
[CMD_SERVER] Enqueued, count=1
[CMD_SERVER] Parsed command type=5
[CMD_SERVER] Enqueued, count=1
[CMD_SERVER] Parsed command type=5
[CMD_SERVER] Enqueued, count=1
[CMD_SERVER] Parsed command type=5
[CMD_SERVER] Enqueued, count=1
[CMD_SERVER] Parsed command type=5
[CMD_SERVER] Enqueued, count=1
[CMD_SERVER] Parsed command type=5
[CMD_SERVER] Enqueued, count=1
[CMD_SERVER] Parsed command type=5
[CMD_SERVER] Enqueued, count=1
[CMD_SERVER] Parsed command type=5
[CMD_SERVER] Enqueued, count=1
[CMD_SERVER] Parsed command type=5
[CMD_SERVER] Enqueued, count=1
[CMD_SERVER] Parsed command type=5
[CMD_SERVER] Enqueued, count=1
[CMD_SERVER] Parsed command type=5
[CMD_SERVER] Enqueued, count=1
[CMD_SERVER] Parsed command type=5
[CMD_SERVER] Enqueued, count=1
[CMD_SERVER] Parsed command type=5
[CMD_SERVER] Enqueued, count=1
[CMD_SERVER] Parsed command type=5
[CMD_SERVER] Enqueued, count=1
[CMD_SERVER] Parsed command type=5
[CMD_SERVER] Enqueued, count=1
[CMD_SERVER] Parsed command type=5
[CMD_SERVER] Enqueued, count=1
[P4.3] 轴0: 电流=117, 错误=0x0000, 电压=48217mV, MOSFET=36.2°C, 电机=33.9°C (读取次数=140)
[P4.3] 轴1: 电流=72, 错误=0x0000, 电压=48193mV, MOSFET=34.5°C, 电机=33.7°C (读取次数=140)
[CMD_SERVER] Parsed command type=5
[CMD_SERVER] Enqueued, count=1
[P4.3] 轴2: 电流=-132, 错误=0x0000, 电压=48445mV, MOSFET=36.3°C, 电机=32.8°C (读取次数=140)
[CMD_SERVER] Parsed command type=1
[CMD_SERVER] Enqueued, count=1
[CMD_SERVER] Parsed command type=5
[CMD_SERVER] Enqueued, count=1
[CMD_SERVER] Parsed command type=5
[CMD_SERVER] Enqueued, count=1
[CMD_SERVER] Parsed command type=5
[CMD_SERVER] Enqueued, count=1
[CMD_SERVER] Parsed command type=5
[CMD_SERVER] Enqueued, count=1
[CMD_SERVER] Parsed command type=5
[CMD_SERVER] Enqueued, count=1
[CMD_SERVER] Parsed command type=5
[CMD_SERVER] Enqueued, count=1
[CMD_SERVER] Parsed command type=5
[CMD_SERVER] Enqueued, count=1
[CMD_SERVER] Parsed command type=5
[CMD_SERVER] Enqueued, count=1
[CMD_SERVER] Parsed command type=5
[CMD_SERVER] Enqueued, count=1
[CMD_SERVER] Parsed command type=5
[CMD_SERVER] Enqueued, count=1
[CMD_SERVER] Parsed command type=5
[CMD_SERVER] Enqueued, count=1
[CMD_SERVER] Parsed command type=5
[CMD_SERVER] Enqueued, count=1
[CMD_SERVER] Parsed command type=5
[CMD_SERVER] Enqueued, count=1
[CMD_SERVER] Parsed command type=5
[CMD_SERVER] Enqueued, count=1
[CMD_SERVER] Parsed command type=5
[CMD_SERVER] Enqueued, count=1
[CMD_SERVER] Parsed command type=5
[CMD_SERVER] Enqueued, count=1
[CMD_SERVER] Parsed command type=5
[CMD_SERVER] Enqueued, count=1
[CMD_SERVER] Parsed command type=5
[CMD_SERVER] Enqueued, count=1
[CMD_SERVER] Parsed command type=5
[CMD_SERVER] Enqueued, count=1
[CMD_SERVER] Parsed command type=5
[CMD_SERVER] Enqueued, count=1
[CMD_SERVER] Parsed command type=5
[CMD_SERVER] Enqueued, count=1
[CMD_SERVER] Parsed command type=5
[CMD_SERVER] Enqueued, count=1
[CMD_SERVER] Parsed command type=5
[CMD_SERVER] Enqueued, count=1
[CMD_SERVER] Parsed command type=5
[CMD_SERVER] Enqueued, count=1
[CMD_SERVER] Parsed command type=5
[CMD_SERVER] Enqueued, count=1
[CMD_SERVER] Parsed command type=5
[CMD_SERVER] Enqueued, count=1
[CMD_SERVER] Parsed command type=5
[CMD_SERVER] Enqueued, count=1
[CMD_SERVER] Parsed command type=5
[CMD_SERVER] Enqueued, count=1
[CMD_SERVER] Parsed command type=5
[CMD_SERVER] Enqueued, count=1
[CMD_SERVER] Parsed command type=5
[CMD_SERVER] Enqueued, count=1
[CMD_SERVER] Parsed command type=5
[CMD_SERVER] Enqueued, count=1
[CMD_SERVER] Parsed command type=5
[CMD_SERVER] Enqueued, count=1
[CMD_SERVER] Parsed command type=5
[CMD_SERVER] Enqueued, count=1
[CMD_SERVER] Parsed command type=5
[CMD_SERVER] Enqueued, count=1
[CMD_SERVER] Parsed command type=5
[CMD_SERVER] Enqueued, count=1
[CMD_SERVER] Parsed command type=5
[CMD_SERVER] Enqueued, count=1
[CMD_SERVER] Parsed command type=5
[CMD_SERVER] Enqueued, count=1
[CMD_SERVER] Parsed command type=5
[CMD_SERVER] Enqueued, count=1
[CMD_SERVER] Parsed command type=5
[CMD_SERVER] Enqueued, count=1
[CMD_SERVER] Parsed command type=5
[CMD_SERVER] Enqueued, count=1
[CMD_SERVER] Parsed command type=5
[CMD_SERVER] Enqueued, count=1
[CMD_SERVER] Parsed command type=5
[CMD_SERVER] Enqueued, count=1
[CMD_SERVER] Parsed command type=5
[CMD_SERVER] Enqueued, count=1
[CMD_SERVER] Parsed command type=5
[CMD_SERVER] Enqueued, count=1
[CMD_SERVER] Parsed command type=5
[CMD_SERVER] Enqueued, count=1
[CMD_SERVER] Parsed command type=5
[CMD_SERVER] Enqueued, count=1
[CMD_SERVER] Parsed command type=5
[CMD_SERVER] Enqueued, count=1
[CMD_SERVER] Parsed command type=5
[CMD_SERVER] Enqueued, count=1
[CMD_SERVER] Parsed command type=5
[CMD_SERVER] Enqueued, count=1
[CMD_SERVER] Parsed command type=5
[CMD_SERVER] Enqueued, count=1
[CMD_SERVER] Parsed command type=5
[CMD_SERVER] Enqueued, count=1
[CMD_SERVER] Parsed command type=5
[CMD_SERVER] Enqueued, count=1
[CMD_SERVER] Parsed command type=5
[CMD_SERVER] Enqueued, count=1
[CMD_SERVER] Parsed command type=5
[CMD_SERVER] Enqueued, count=1
[CMD_SERVER] Parsed command type=5
[CMD_SERVER] Enqueued, count=1
[CMD_SERVER] Parsed command type=5
[CMD_SERVER] Enqueued, count=1
[CMD_SERVER] Parsed command type=5
[CMD_SERVER] Enqueued, count=1
[CMD_SERVER] Parsed command type=5
[CMD_SERVER] Enqueued, count=1
[CMD_SERVER] Parsed command type=5
[CMD_SERVER] Enqueued, count=1
[CMD_SERVER] Parsed command type=5
[CMD_SERVER] Enqueued, count=1
[CMD_SERVER] Parsed command type=5
[CMD_SERVER] Enqueued, count=1
[CMD_SERVER] Parsed command type=5
[CMD_SERVER] Enqueued, count=1
[CMD_SERVER] Parsed command type=5
[CMD_SERVER] Enqueued, count=1
[CMD_SERVER] Parsed command type=5
[CMD_SERVER] Enqueued, count=1
[CMD_SERVER] Parsed command type=5
[CMD_SERVER] Enqueued, count=1
[CMD_SERVER] Parsed command type=5
[CMD_SERVER] Enqueued, count=1
[CMD_SERVER] Parsed command type=5
[CMD_SERVER] Enqueued, count=1
[CMD_SERVER] Parsed command type=5
[CMD_SERVER] Enqueued, count=1
[CMD_SERVER] Parsed command type=5
[CMD_SERVER] Enqueued, count=1
[CMD_SERVER] Parsed command type=5
[CMD_SERVER] Enqueued, count=1
[CMD_SERVER] Parsed command type=5
[CMD_SERVER] Enqueued, count=1
[CMD_SERVER] Parsed command type=5
[CMD_SERVER] Enqueued, count=1
[CMD_SERVER] Parsed command type=5
[CMD_SERVER] Enqueued, count=1
[CMD_SERVER] Parsed command type=5
[CMD_SERVER] Enqueued, count=1
[CMD_SERVER] Parsed command type=5
[CMD_SERVER] Enqueued, count=1
[CMD_SERVER] Parsed command type=5
[CMD_SERVER] Enqueued, count=1
[CMD_SERVER] Parsed command type=5
[CMD_SERVER] Enqueued, count=1
[CMD_SERVER] Parsed command type=5
[CMD_SERVER] Enqueued, count=1
[CMD_SERVER] Parsed command type=5
[CMD_SERVER] Enqueued, count=1
[CMD_SERVER] Parsed command type=5
[CMD_SERVER] Enqueued, count=1
[CMD_SERVER] Parsed command type=5
[CMD_SERVER] Enqueued, count=1
[CMD_SERVER] Parsed command type=5
[CMD_SERVER] Enqueued, count=1
[CMD_SERVER] Parsed command type=5
[CMD_SERVER] Enqueued, count=1
[CMD_SERVER] Parsed command type=5
[CMD_SERVER] Enqueued, count=1
[CMD_SERVER] Parsed command type=5
[CMD_SERVER] Enqueued, count=1
[CMD_SERVER] Parsed command type=5
[CMD_SERVER] Enqueued, count=1
[CMD_SERVER] Parsed command type=5
[CMD_SERVER] Enqueued, count=1
[CMD_SERVER] Parsed command type=5
[CMD_SERVER] Enqueued, count=1
[P4.3] 轴0: 电流=-115, 错误=0x0000, 电压=48226mV, MOSFET=36.2°C, 电机=33.9°C (读取次数=160)
[CMD_SERVER] Parsed command type=5
[CMD_SERVER] Enqueued, count=1
[P4.3] 轴1: 电流=-55, 错误=0x0000, 电压=48204mV, MOSFET=34.6°C, 电机=33.7°C (读取次数=160)
[CMD_SERVER] Parsed command type=5
[CMD_SERVER] Enqueued, count=1
[P4.3] 轴2: 电流=62, 错误=0x0000, 电压=48465mV, MOSFET=36.4°C, 电机=32.8°C (读取次数=160)
[CMD_SERVER] Parsed command type=5
[CMD_SERVER] Enqueued, count=1
[CMD_SERVER] Parsed command type=5
[CMD_SERVER] Enqueued, count=1
[CMD_SERVER] Parsed command type=5
[CMD_SERVER] Enqueued, count=1
[CMD_SERVER] Parsed command type=5
[CMD_SERVER] Enqueued, count=1
[CMD_SERVER] Parsed command type=5
[CMD_SERVER] Enqueued, count=1
[CMD_SERVER] Parsed command type=5
[CMD_SERVER] Enqueued, count=1
[CMD_SERVER] Parsed command type=5
[CMD_SERVER] Enqueued, count=1
[CMD_SERVER] Parsed command type=5
[CMD_SERVER] Enqueued, count=1
[CMD_SERVER] Parsed command type=5
[CMD_SERVER] Enqueued, count=1
[CMD_SERVER] Parsed command type=5
[CMD_SERVER] Enqueued, count=1
[CMD_SERVER] Parsed command type=5
[CMD_SERVER] Enqueued, count=1
[CMD_SERVER] Parsed command type=5
[CMD_SERVER] Enqueued, count=1
[CMD_SERVER] Parsed command type=5
[CMD_SERVER] Enqueued, count=1
[CMD_SERVER] Parsed command type=5
[CMD_SERVER] Enqueued, count=1
[CMD_SERVER] Parsed command type=5
[CMD_SERVER] Enqueued, count=1
[CMD_SERVER] Parsed command type=5
[CMD_SERVER] Enqueued, count=1
[CMD_SERVER] Parsed command type=5
[CMD_SERVER] Enqueued, count=1
[CMD_SERVER] Parsed command type=5
[CMD_SERVER] Enqueued, count=1
[CMD_SERVER] Parsed command type=5
[CMD_SERVER] Enqueued, count=1
[CMD_SERVER] Parsed command type=5
[CMD_SERVER] Enqueued, count=1
[CMD_SERVER] Parsed command type=5
[CMD_SERVER] Enqueued, count=1
[CMD_SERVER] Parsed command type=5
[CMD_SERVER] Enqueued, count=1
[CMD_SERVER] Parsed command type=5
[CMD_SERVER] Enqueued, count=1
[CMD_SERVER] Parsed command type=5
[CMD_SERVER] Enqueued, count=1
[CMD_SERVER] Parsed command type=5
[CMD_SERVER] Enqueued, count=1
[CMD_SERVER] Parsed command type=5
[CMD_SERVER] Enqueued, count=1
[CMD_SERVER] Parsed command type=5
[CMD_SERVER] Enqueued, count=1
[CMD_SERVER] Parsed command type=5
[CMD_SERVER] Enqueued, count=1
[CMD_SERVER] Parsed command type=5
[CMD_SERVER] Enqueued, count=1
[CMD_SERVER] Parsed command type=5
[CMD_SERVER] Enqueued, count=1
[CMD_SERVER] Parsed command type=5
[CMD_SERVER] Enqueued, count=1
[CMD_SERVER] Parsed command type=5
[CMD_SERVER] Enqueued, count=1
[CMD_SERVER] Parsed command type=5
[CMD_SERVER] Enqueued, count=1
[CMD_SERVER] Parsed command type=5
[CMD_SERVER] Enqueued, count=1
[CMD_SERVER] Parsed command type=5
[CMD_SERVER] Enqueued, count=1
[CMD_SERVER] Parsed command type=5
[CMD_SERVER] Enqueued, count=1
[CMD_SERVER] Parsed command type=5
[CMD_SERVER] Enqueued, count=1
[CMD_SERVER] Parsed command type=5
[CMD_SERVER] Enqueued, count=1
[CMD_SERVER] Parsed command type=5
[CMD_SERVER] Enqueued, count=1
[CMD_SERVER] Parsed command type=5
[CMD_SERVER] Enqueued, count=1
[CMD_SERVER] Parsed command type=5
[CMD_SERVER] Enqueued, count=1
[CMD_SERVER] Parsed command type=5
[CMD_SERVER] Enqueued, count=1
[CMD_SERVER] Parsed command type=5
[CMD_SERVER] Enqueued, count=1
[CMD_SERVER] Parsed command type=5
[CMD_SERVER] Enqueued, count=1
[CMD_SERVER] Parsed command type=5
[CMD_SERVER] Enqueued, count=1
[CMD_SERVER] Parsed command type=5
[CMD_SERVER] Enqueued, count=1
[CMD_SERVER] Parsed command type=5
[CMD_SERVER] Enqueued, count=1
[CMD_SERVER] Parsed command type=5
[CMD_SERVER] Enqueued, count=1
[CMD_SERVER] Parsed command type=5
[CMD_SERVER] Enqueued, count=1
[CMD_SERVER] Parsed command type=5
[CMD_SERVER] Enqueued, count=1
[CMD_SERVER] Parsed command type=5
[CMD_SERVER] Enqueued, count=1
[CMD_SERVER] Parsed command type=5
[CMD_SERVER] Enqueued, count=1
[CMD_SERVER] Parsed command type=5
[CMD_SERVER] Enqueued, count=1
[CMD_SERVER] Parsed command type=5
[CMD_SERVER] Enqueued, count=1
[CMD_SERVER] Parsed command type=5
[CMD_SERVER] Enqueued, count=1
[CMD_SERVER] Parsed command type=5
[CMD_SERVER] Enqueued, count=1
[CMD_SERVER] Parsed command type=5
[CMD_SERVER] Enqueued, count=1
[CMD_SERVER] Parsed command type=5
[CMD_SERVER] Enqueued, count=1
[CMD_SERVER] Parsed command type=5
[CMD_SERVER] Enqueued, count=1
[CMD_SERVER] Parsed command type=5
[CMD_SERVER] Enqueued, count=1
[CMD_SERVER] Parsed command type=5
[CMD_SERVER] Enqueued, count=1
[CMD_SERVER] Parsed command type=5
[CMD_SERVER] Enqueued, count=1
[CMD_SERVER] Parsed command type=5
[CMD_SERVER] Enqueued, count=1
[CMD_SERVER] Parsed command type=5
[CMD_SERVER] Enqueued, count=1
[CMD_SERVER] Parsed command type=5
[CMD_SERVER] Enqueued, count=1
[CMD_SERVER] Parsed command type=5
[CMD_SERVER] Enqueued, count=1
[CMD_SERVER] Parsed command type=5
[CMD_SERVER] Enqueued, count=1
[CMD_SERVER] Parsed command type=5
[CMD_SERVER] Enqueued, count=1
[CMD_SERVER] Parsed command type=5
[CMD_SERVER] Enqueued, count=1
[CMD_SERVER] Parsed command type=5
[CMD_SERVER] Enqueued, count=1
[CMD_SERVER] Parsed command type=5
[CMD_SERVER] Enqueued, count=1
[CMD_SERVER] Parsed command type=5
[CMD_SERVER] Enqueued, count=1
[CMD_SERVER] Parsed command type=5
[CMD_SERVER] Enqueued, count=1
[CMD_SERVER] Parsed command type=5
[CMD_SERVER] Enqueued, count=1
[CMD_SERVER] Parsed command type=5
[CMD_SERVER] Enqueued, count=1
[CMD_SERVER] Parsed command type=5
[CMD_SERVER] Enqueued, count=1
[CMD_SERVER] Parsed command type=5
[CMD_SERVER] Enqueued, count=1
[CMD_SERVER] Parsed command type=5
[CMD_SERVER] Enqueued, count=1
[CMD_SERVER] Parsed command type=5
[CMD_SERVER] Enqueued, count=1
[CMD_SERVER] Parsed command type=5
[CMD_SERVER] Enqueued, count=1
[CMD_SERVER] Parsed command type=5
[CMD_SERVER] Enqueued, count=1
[CMD_SERVER] Parsed command type=5
[CMD_SERVER] Enqueued, count=1
[CMD_SERVER] Parsed command type=5
[CMD_SERVER] Enqueued, count=1
[CMD_SERVER] Parsed command type=5
[CMD_SERVER] Enqueued, count=1
[CMD_SERVER] Parsed command type=5
[CMD_SERVER] Enqueued, count=1
[P4.3] 轴0: 电流=-164, 错误=0x0000, 电压=48241mV, MOSFET=36.2°C, 电机=33.9°C (读取次数=180)
[CMD_SERVER] Parsed command type=5
[CMD_SERVER] Enqueued, count=1
[P4.3] 轴1: 电流=-54, 错误=0x0000, 电压=48192mV, MOSFET=34.6°C, 电机=33.7°C (读取次数=180)
[CMD_SERVER] Parsed command type=5
[CMD_SERVER] Enqueued, count=1
[P4.3] 轴2: 电流=-27, 错误=0x0000, 电压=48428mV, MOSFET=36.4°C, 电机=32.8°C (读取次数=180)
[CMD_SERVER] Parsed command type=5
[CMD_SERVER] Enqueued, count=1
[CMD_SERVER] Parsed command type=5
[CMD_SERVER] Enqueued, count=1
[CMD_SERVER] Parsed command type=5
[CMD_SERVER] Enqueued, count=1
[CMD_SERVER] Parsed command type=5
[CMD_SERVER] Enqueued, count=1
[CMD_SERVER] Parsed command type=5
[CMD_SERVER] Enqueued, count=1
[CMD_SERVER] Parsed command type=5
[CMD_SERVER] Enqueued, count=1
[CMD_SERVER] Parsed command type=5
[CMD_SERVER] Enqueued, count=1
[CMD_SERVER] Parsed command type=5
[CMD_SERVER] Enqueued, count=1
[CMD_SERVER] Parsed command type=5
[CMD_SERVER] Enqueued, count=1
[CMD_SERVER] Parsed command type=5
[CMD_SERVER] Enqueued, count=1
[CMD_SERVER] Parsed command type=5
[CMD_SERVER] Enqueued, count=1
[CMD_SERVER] Parsed command type=5
[CMD_SERVER] Enqueued, count=1
[CMD_SERVER] Parsed command type=5
[CMD_SERVER] Enqueued, count=1
[CMD_SERVER] Parsed command type=5
[CMD_SERVER] Enqueued, count=1
[CMD_SERVER] Parsed command type=5
[CMD_SERVER] Enqueued, count=1
[CMD_SERVER] Parsed command type=5
[CMD_SERVER] Enqueued, count=1
[CMD_SERVER] Parsed command type=5
[CMD_SERVER] Enqueued, count=1
[CMD_SERVER] Parsed command type=5
[CMD_SERVER] Enqueued, count=1
[CMD_SERVER] Parsed command type=5
[CMD_SERVER] Enqueued, count=1
[CMD_SERVER] Parsed command type=5
[CMD_SERVER] Enqueued, count=1
[CMD_SERVER] Parsed command type=5
[CMD_SERVER] Enqueued, count=1
[CMD_SERVER] Parsed command type=5
[CMD_SERVER] Enqueued, count=1
[CMD_SERVER] Parsed command type=5
[CMD_SERVER] Enqueued, count=1
[CMD_SERVER] Parsed command type=5
[CMD_SERVER] Enqueued, count=1
[CMD_SERVER] Parsed command type=5
[CMD_SERVER] Enqueued, count=1
[CMD_SERVER] Parsed command type=5
[CMD_SERVER] Enqueued, count=1
[CMD_SERVER] Parsed command type=5
[CMD_SERVER] Enqueued, count=1
[CMD_SERVER] Parsed command type=5
[CMD_SERVER] Enqueued, count=1
[CMD_SERVER] Parsed command type=5
[CMD_SERVER] Enqueued, count=1
[CMD_SERVER] Parsed command type=5
[CMD_SERVER] Enqueued, count=1
[CMD_SERVER] Parsed command type=5
[CMD_SERVER] Enqueued, count=1
[CMD_SERVER] Parsed command type=5
[CMD_SERVER] Enqueued, count=1
[CMD_SERVER] Parsed command type=5
[CMD_SERVER] Enqueued, count=1
[CMD_SERVER] Parsed command type=5
[CMD_SERVER] Enqueued, count=1
[CMD_SERVER] Parsed command type=5
[CMD_SERVER] Enqueued, count=1
[CMD_SERVER] Parsed command type=5
[CMD_SERVER] Enqueued, count=1
[CMD_SERVER] Parsed command type=5
[CMD_SERVER] Enqueued, count=1
[CMD_SERVER] Parsed command type=5
[CMD_SERVER] Enqueued, count=1
[CMD_SERVER] Parsed command type=5
[CMD_SERVER] Enqueued, count=1
[CMD_SERVER] Parsed command type=5
[CMD_SERVER] Enqueued, count=1
[CMD_SERVER] Parsed command type=5
[CMD_SERVER] Enqueued, count=1
[CMD_SERVER] Parsed command type=5
[CMD_SERVER] Enqueued, count=1
[CMD_SERVER] Parsed command type=5
[CMD_SERVER] Enqueued, count=1
[CMD_SERVER] Parsed command type=5
[CMD_SERVER] Enqueued, count=1
[CMD_SERVER] Parsed command type=5
[CMD_SERVER] Enqueued, count=1
[CMD_SERVER] Parsed command type=5
[CMD_SERVER] Enqueued, count=1
[CMD_SERVER] Parsed command type=5
[CMD_SERVER] Enqueued, count=1
[CMD_SERVER] Parsed command type=5
[CMD_SERVER] Enqueued, count=1
[CMD_SERVER] Parsed command type=5
[CMD_SERVER] Enqueued, count=1
[CMD_SERVER] Parsed command type=5
[CMD_SERVER] Enqueued, count=1
[CMD_SERVER] Parsed command type=5
[CMD_SERVER] Enqueued, count=1
[CMD_SERVER] Parsed command type=5
[CMD_SERVER] Enqueued, count=1
[CMD_SERVER] Parsed command type=5
[CMD_SERVER] Enqueued, count=1
[CMD_SERVER] Parsed command type=5
[CMD_SERVER] Enqueued, count=1
[CMD_SERVER] Parsed command type=5
[CMD_SERVER] Enqueued, count=1
[CMD_SERVER] Parsed command type=5
[CMD_SERVER] Enqueued, count=1
[CMD_SERVER] Parsed command type=5
[CMD_SERVER] Enqueued, count=1
[CMD_SERVER] Parsed command type=5
[CMD_SERVER] Enqueued, count=1
[CMD_SERVER] Parsed command type=5
[CMD_SERVER] Enqueued, count=1
[CMD_SERVER] Parsed command type=5
[CMD_SERVER] Enqueued, count=1
[CMD_SERVER] Parsed command type=5
[CMD_SERVER] Enqueued, count=1
[CMD_SERVER] Parsed command type=1
[CMD_SERVER] Enqueued, count=1
[CMD_SERVER] Parsed command type=5
[CMD_SERVER] Enqueued, count=1
[CMD_SERVER] Parsed command type=5
[CMD_SERVER] Enqueued, count=1
[CMD_SERVER] Parsed command type=5
[CMD_SERVER] Enqueued, count=1
[CMD_SERVER] Parsed command type=5
[CMD_SERVER] Enqueued, count=1
[CMD_SERVER] Parsed command type=5
[CMD_SERVER] Enqueued, count=1
[CMD_SERVER] Parsed command type=5
[CMD_SERVER] Enqueued, count=1
[CMD_SERVER] Parsed command type=5
[CMD_SERVER] Enqueued, count=1
[CMD_SERVER] Parsed command type=5
[CMD_SERVER] Enqueued, count=1
[CMD_SERVER] Parsed command type=5
[CMD_SERVER] Enqueued, count=1
[CMD_SERVER] Parsed command type=5
[CMD_SERVER] Enqueued, count=1
[CMD_SERVER] Parsed command type=5
[CMD_SERVER] Enqueued, count=1
[CMD_SERVER] Parsed command type=5
[CMD_SERVER] Enqueued, count=1
[CMD_SERVER] Parsed command type=5
[CMD_SERVER] Enqueued, count=1
[CMD_SERVER] Parsed command type=5
[CMD_SERVER] Enqueued, count=1
[CMD_SERVER] Parsed command type=5
[CMD_SERVER] Enqueued, count=1
[CMD_SERVER] Parsed command type=5
[CMD_SERVER] Enqueued, count=1
[CMD_SERVER] Parsed command type=5
[CMD_SERVER] Enqueued, count=1
[CMD_SERVER] Parsed command type=5
[CMD_SERVER] Enqueued, count=1
[CMD_SERVER] Parsed command type=5
[CMD_SERVER] Enqueued, count=1
[CMD_SERVER] Parsed command type=5
[CMD_SERVER] Enqueued, count=1
[CMD_SERVER] Parsed command type=5
[CMD_SERVER] Enqueued, count=1
[CMD_SERVER] Parsed command type=5
[CMD_SERVER] Enqueued, count=1
[CMD_SERVER] Parsed command type=5
[CMD_SERVER] Enqueued, count=1
[CMD_SERVER] Parsed command type=5
[CMD_SERVER] Enqueued, count=1
[P4.3] 轴0: 电流=-167, 错误=0x0000, 电压=48247mV, MOSFET=36.2°C, 电机=33.9°C (读取次数=200)
[CMD_SERVER] Parsed command type=5
[CMD_SERVER] Enqueued, count=1
[P4.3] 轴1: 电流=45, 错误=0x0000, 电压=48181mV, MOSFET=34.6°C, 电机=33.7°C (读取次数=200)
[CMD_SERVER] Parsed command type=5
[CMD_SERVER] Enqueued, count=1
[P4.3] 轴2: 电流=-119, 错误=0x0000, 电压=48434mV, MOSFET=36.5°C, 电机=32.8°C (读取次数=200)
[CMD_SERVER] Parsed command type=5
[CMD_SERVER] Enqueued, count=1
[CMD_SERVER] Parsed command type=5
[CMD_SERVER] Enqueued, count=1
[CMD_SERVER] Parsed command type=5
[CMD_SERVER] Enqueued, count=1
[CMD_SERVER] Parsed command type=5
[CMD_SERVER] Enqueued, count=1
[CMD_SERVER] Parsed command type=5
[CMD_SERVER] Enqueued, count=1
[CMD_SERVER] Parsed command type=5
[CMD_SERVER] Enqueued, count=1
[CMD_SERVER] Parsed command type=5
[CMD_SERVER] Enqueued, count=1
[CMD_SERVER] Parsed command type=5
[CMD_SERVER] Enqueued, count=1
[CMD_SERVER] Parsed command type=5
[CMD_SERVER] Enqueued, count=1
[CMD_SERVER] Parsed command type=5
[CMD_SERVER] Enqueued, count=1
[CMD_SERVER] Parsed command type=5
[CMD_SERVER] Enqueued, count=1
[CMD_SERVER] Parsed command type=5
[CMD_SERVER] Enqueued, count=1
[CMD_SERVER] Parsed command type=5
[CMD_SERVER] Enqueued, count=1
[CMD_SERVER] Parsed command type=5
[CMD_SERVER] Enqueued, count=1
[CMD_SERVER] Parsed command type=5
[CMD_SERVER] Enqueued, count=1
[CMD_SERVER] Parsed command type=5
[CMD_SERVER] Enqueued, count=1
[CMD_SERVER] Parsed command type=5
[CMD_SERVER] Enqueued, count=1
[CMD_SERVER] Parsed command type=5
[CMD_SERVER] Enqueued, count=1
[CMD_SERVER] Parsed command type=5
[CMD_SERVER] Enqueued, count=1
[CMD_SERVER] Parsed command type=5
[CMD_SERVER] Enqueued, count=1
[CMD_SERVER] Parsed command type=5
[CMD_SERVER] Enqueued, count=1
[CMD_SERVER] Parsed command type=5
[CMD_SERVER] Enqueued, count=1
[CMD_SERVER] Parsed command type=5
[CMD_SERVER] Enqueued, count=1
[CMD_SERVER] Parsed command type=5
[CMD_SERVER] Enqueued, count=1
[CMD_SERVER] Parsed command type=5
[CMD_SERVER] Enqueued, count=1
[CMD_SERVER] Parsed command type=5
[CMD_SERVER] Enqueued, count=1
[CMD_SERVER] Parsed command type=5
[CMD_SERVER] Enqueued, count=1
[CMD_SERVER] Parsed command type=5
[CMD_SERVER] Enqueued, count=1
[CMD_SERVER] Parsed command type=5
[CMD_SERVER] Enqueued, count=1
[CMD_SERVER] Parsed command type=5
[CMD_SERVER] Enqueued, count=1
[CMD_SERVER] Parsed command type=5
[CMD_SERVER] Enqueued, count=1
[CMD_SERVER] Parsed command type=5
[CMD_SERVER] Enqueued, count=1
[CMD_SERVER] Parsed command type=5
[CMD_SERVER] Enqueued, count=1
[CMD_SERVER] Parsed command type=5
[CMD_SERVER] Enqueued, count=1
[CMD_SERVER] Parsed command type=5
[CMD_SERVER] Enqueued, count=1
[CMD_SERVER] Parsed command type=5
[CMD_SERVER] Enqueued, count=1
[CMD_SERVER] Parsed command type=5
[CMD_SERVER] Enqueued, count=1
[CMD_SERVER] Parsed command type=5
[CMD_SERVER] Enqueued, count=1
[CMD_SERVER] Parsed command type=5
[CMD_SERVER] Enqueued, count=1
[CMD_SERVER] Parsed command type=5
[CMD_SERVER] Enqueued, count=1
[CMD_SERVER] Parsed command type=5
[CMD_SERVER] Enqueued, count=1
[CMD_SERVER] Parsed command type=5
[CMD_SERVER] Enqueued, count=1
[CMD_SERVER] Parsed command type=5
[CMD_SERVER] Enqueued, count=1
[CMD_SERVER] Parsed command type=5
[CMD_SERVER] Enqueued, count=1
[CMD_SERVER] Parsed command type=5
[CMD_SERVER] Enqueued, count=1
[CMD_SERVER] Parsed command type=5
[CMD_SERVER] Enqueued, count=1
[CMD_SERVER] Parsed command type=5
[CMD_SERVER] Enqueued, count=1
[CMD_SERVER] Parsed command type=5
[CMD_SERVER] Enqueued, count=1
[CMD_SERVER] Parsed command type=5
[CMD_SERVER] Enqueued, count=1
[CMD_SERVER] Parsed command type=5
[CMD_SERVER] Enqueued, count=1
[CMD_SERVER] Parsed command type=5
[CMD_SERVER] Enqueued, count=1
[CMD_SERVER] Parsed command type=5
[CMD_SERVER] Enqueued, count=1
[CMD_SERVER] Parsed command type=5
[CMD_SERVER] Enqueued, count=1
[CMD_SERVER] Parsed command type=5
[CMD_SERVER] Enqueued, count=1
[CMD_SERVER] Parsed command type=5
[CMD_SERVER] Enqueued, count=1
[CMD_SERVER] Parsed command type=5
[CMD_SERVER] Enqueued, count=1
[CMD_SERVER] Parsed command type=5
[CMD_SERVER] Enqueued, count=1
[CMD_SERVER] Parsed command type=5
[CMD_SERVER] Enqueued, count=1
[CMD_SERVER] Parsed command type=5
[CMD_SERVER] Enqueued, count=1
[CMD_SERVER] Parsed command type=5
[CMD_SERVER] Enqueued, count=1
[CMD_SERVER] Parsed command type=5
[CMD_SERVER] Enqueued, count=1
[CMD_SERVER] Parsed command type=5
[CMD_SERVER] Enqueued, count=1
[CMD_SERVER] Parsed command type=5
[CMD_SERVER] Enqueued, count=1
[CMD_SERVER] Parsed command type=5
[CMD_SERVER] Enqueued, count=1
[CMD_SERVER] Parsed command type=5
[CMD_SERVER] Enqueued, count=1
[CMD_SERVER] Parsed command type=5
[CMD_SERVER] Enqueued, count=1
[CMD_SERVER] Parsed command type=5
[CMD_SERVER] Enqueued, count=1
[CMD_SERVER] Parsed command type=5
[CMD_SERVER] Enqueued, count=1
[CMD_SERVER] Parsed command type=5
[CMD_SERVER] Enqueued, count=1
[CMD_SERVER] Parsed command type=5
[CMD_SERVER] Enqueued, count=1
[CMD_SERVER] Parsed command type=5
[CMD_SERVER] Enqueued, count=1
[CMD_SERVER] Parsed command type=5
[CMD_SERVER] Enqueued, count=1
[CMD_SERVER] Parsed command type=5
[CMD_SERVER] Enqueued, count=1
[CMD_SERVER] Parsed command type=5
[CMD_SERVER] Enqueued, count=1
[CMD_SERVER] Parsed command type=5
[CMD_SERVER] Enqueued, count=1
[CMD_SERVER] Parsed command type=5
[CMD_SERVER] Enqueued, count=1
[CMD_SERVER] Parsed command type=5
[CMD_SERVER] Enqueued, count=1
[CMD_SERVER] Parsed command type=5
[CMD_SERVER] Enqueued, count=1
[CMD_SERVER] Parsed command type=5
[CMD_SERVER] Enqueued, count=1
[CMD_SERVER] Parsed command type=5
[CMD_SERVER] Enqueued, count=1
[CMD_SERVER] Parsed command type=5
[CMD_SERVER] Enqueued, count=1
[CMD_SERVER] Parsed command type=5
[CMD_SERVER] Enqueued, count=1
[CMD_SERVER] Parsed command type=5
[CMD_SERVER] Enqueued, count=1
[CMD_SERVER] Parsed command type=5
[CMD_SERVER] Enqueued, count=1
[CMD_SERVER] Parsed command type=5
[CMD_SERVER] Enqueued, count=1
[CMD_SERVER] Parsed command type=5
[CMD_SERVER] Enqueued, count=1
[CMD_SERVER] Parsed command type=5
[CMD_SERVER] Enqueued, count=1
[CMD_SERVER] Parsed command type=5
[CMD_SERVER] Enqueued, count=1
[P4.3] 轴0: 电流=-172, 错误=0x0000, 电压=48225mV, MOSFET=36.2°C, 电机=33.9°C (读取次数=220)
[P4.3] 轴1: 电流=91, 错误=0x0000, 电压=48195mV, MOSFET=34.7°C, 电机=33.7°C (读取次数=220)
[CMD_SERVER] Parsed command type=5
[CMD_SERVER] Enqueued, count=1
[P4.3] 轴2: 电流=-162, 错误=0x0000, 电压=48464mV, MOSFET=36.5°C, 电机=32.8°C (读取次数=220)
[CMD_SERVER] Parsed command type=5
[CMD_SERVER] Enqueued, count=1
[CMD_SERVER] Parsed command type=5
[CMD_SERVER] Enqueued, count=1
[CMD_SERVER] Parsed command type=5
[CMD_SERVER] Enqueued, count=1
[CMD_SERVER] Parsed command type=5
[CMD_SERVER] Enqueued, count=1
[CMD_SERVER] Parsed command type=5
[CMD_SERVER] Enqueued, count=1
[CMD_SERVER] Parsed command type=5
[CMD_SERVER] Enqueued, count=1
[CMD_SERVER] Parsed command type=5
[CMD_SERVER] Enqueued, count=1
[CMD_SERVER] Parsed command type=5
[CMD_SERVER] Enqueued, count=1
[CMD_SERVER] Parsed command type=5
[CMD_SERVER] Enqueued, count=1
[CMD_SERVER] Parsed command type=5
[CMD_SERVER] Enqueued, count=1
[CMD_SERVER] Parsed command type=5
[CMD_SERVER] Enqueued, count=1
[CMD_SERVER] Parsed command type=5
[CMD_SERVER] Enqueued, count=1
[CMD_SERVER] Parsed command type=5
[CMD_SERVER] Enqueued, count=1
[CMD_SERVER] Parsed command type=5
[CMD_SERVER] Enqueued, count=1
[CMD_SERVER] Parsed command type=5
[CMD_SERVER] Enqueued, count=1
[CMD_SERVER] Parsed command type=5
[CMD_SERVER] Enqueued, count=1
[CMD_SERVER] Parsed command type=5
[CMD_SERVER] Enqueued, count=1
[CMD_SERVER] Parsed command type=5
[CMD_SERVER] Enqueued, count=1
[CMD_SERVER] Parsed command type=5
[CMD_SERVER] Enqueued, count=1
[CMD_SERVER] Parsed command type=5
[CMD_SERVER] Enqueued, count=1
[CMD_SERVER] Parsed command type=5
[CMD_SERVER] Enqueued, count=1
[CMD_SERVER] Parsed command type=5
[CMD_SERVER] Enqueued, count=1
[CMD_SERVER] Parsed command type=5
[CMD_SERVER] Enqueued, count=1
[CMD_SERVER] Parsed command type=5
[CMD_SERVER] Enqueued, count=1
[CMD_SERVER] Parsed command type=5
[CMD_SERVER] Enqueued, count=1
[CMD_SERVER] Parsed command type=5
[CMD_SERVER] Enqueued, count=1
[CMD_SERVER] Parsed command type=5
[CMD_SERVER] Enqueued, count=1
[CMD_SERVER] Parsed command type=5
[CMD_SERVER] Enqueued, count=1
[CMD_SERVER] Parsed command type=5
[CMD_SERVER] Enqueued, count=1
[CMD_SERVER] Parsed command type=5
[CMD_SERVER] Enqueued, count=1
[CMD_SERVER] Parsed command type=5
[CMD_SERVER] Enqueued, count=1
[CMD_SERVER] Parsed command type=5
[CMD_SERVER] Enqueued, count=1
[CMD_SERVER] Parsed command type=5
[CMD_SERVER] Enqueued, count=1
[CMD_SERVER] Parsed command type=5
[CMD_SERVER] Enqueued, count=1
[CMD_SERVER] Parsed command type=5
[CMD_SERVER] Enqueued, count=1
[CMD_SERVER] Parsed command type=5
[CMD_SERVER] Enqueued, count=1
[CMD_SERVER] Parsed command type=5
[CMD_SERVER] Enqueued, count=1
[CMD_SERVER] Parsed command type=5
[CMD_SERVER] Enqueued, count=1
[CMD_SERVER] Parsed command type=5
[CMD_SERVER] Enqueued, count=1
[CMD_SERVER] Parsed command type=5
[CMD_SERVER] Enqueued, count=1
[CMD_SERVER] Parsed command type=5
[CMD_SERVER] Enqueued, count=1
[CMD_SERVER] Parsed command type=5
[CMD_SERVER] Enqueued, count=1
[CMD_SERVER] Parsed command type=5
[CMD_SERVER] Enqueued, count=1
[CMD_SERVER] Parsed command type=5
[CMD_SERVER] Enqueued, count=1
[CMD_SERVER] Parsed command type=5
[CMD_SERVER] Enqueued, count=1
[CMD_SERVER] Parsed command type=5
[CMD_SERVER] Enqueued, count=1
[CMD_SERVER] Parsed command type=5
[CMD_SERVER] Enqueued, count=1
[CMD_SERVER] Parsed command type=5
[CMD_SERVER] Enqueued, count=1
[CMD_SERVER] Parsed command type=5
[CMD_SERVER] Enqueued, count=1
[CMD_SERVER] Parsed command type=5
[CMD_SERVER] Enqueued, count=1
[CMD_SERVER] Parsed command type=5
[CMD_SERVER] Enqueued, count=1
[CMD_SERVER] Parsed command type=5
[CMD_SERVER] Enqueued, count=1
[CMD_SERVER] Parsed command type=5
[CMD_SERVER] Enqueued, count=1
[CMD_SERVER] Parsed command type=5
[CMD_SERVER] Enqueued, count=1
[CMD_SERVER] Parsed command type=5
[CMD_SERVER] Enqueued, count=1
[CMD_SERVER] Parsed command type=5
[CMD_SERVER] Enqueued, count=1
[CMD_SERVER] Parsed command type=5
[CMD_SERVER] Enqueued, count=1
[CMD_SERVER] Parsed command type=5
[CMD_SERVER] Enqueued, count=1
[CMD_SERVER] Parsed command type=5
[CMD_SERVER] Enqueued, count=1
[CMD_SERVER] Parsed command type=5
[CMD_SERVER] Enqueued, count=1
[CMD_SERVER] Parsed command type=5
[CMD_SERVER] Enqueued, count=1
[CMD_SERVER] Parsed command type=5
[CMD_SERVER] Enqueued, count=1
[CMD_SERVER] Parsed command type=5
[CMD_SERVER] Enqueued, count=1
[CMD_SERVER] Parsed command type=5
[CMD_SERVER] Enqueued, count=1
[CMD_SERVER] Parsed command type=5
[CMD_SERVER] Enqueued, count=1
[CMD_SERVER] Parsed command type=5
[CMD_SERVER] Enqueued, count=1
[CMD_SERVER] Parsed command type=5
[CMD_SERVER] Enqueued, count=1
[CMD_SERVER] Parsed command type=5
[CMD_SERVER] Enqueued, count=1
[CMD_SERVER] Parsed command type=5
[CMD_SERVER] Enqueued, count=1
[CMD_SERVER] Parsed command type=5
[CMD_SERVER] Enqueued, count=1
[CMD_SERVER] Parsed command type=5
[CMD_SERVER] Enqueued, count=1
[CMD_SERVER] Parsed command type=5
[CMD_SERVER] Enqueued, count=1
[CMD_SERVER] Parsed command type=5
[CMD_SERVER] Enqueued, count=1
[CMD_SERVER] Parsed command type=5
[CMD_SERVER] Enqueued, count=1
[CMD_SERVER] Parsed command type=5
[CMD_SERVER] Enqueued, count=1
[CMD_SERVER] Parsed command type=5
[CMD_SERVER] Enqueued, count=1
[CMD_SERVER] Parsed command type=5
[CMD_SERVER] Enqueued, count=1
[CMD_SERVER] Parsed command type=5
[CMD_SERVER] Enqueued, count=1
[CMD_SERVER] Parsed command type=5
[CMD_SERVER] Enqueued, count=1
[CMD_SERVER] Parsed command type=5
[CMD_SERVER] Enqueued, count=1
[CMD_SERVER] Parsed command type=5
[CMD_SERVER] Enqueued, count=1
[CMD_SERVER] Parsed command type=5
[CMD_SERVER] Enqueued, count=1
[CMD_SERVER] Parsed command type=5
[CMD_SERVER] Enqueued, count=1
[CMD_SERVER] Parsed command type=5
[CMD_SERVER] Enqueued, count=1
[CMD_SERVER] Parsed command type=5
[CMD_SERVER] Enqueued, count=1
[CMD_SERVER] Parsed command type=5
[CMD_SERVER] Enqueued, count=1
[P4.3] 轴0: 电流=-182, 错误=0x0000, 电压=48250mV, MOSFET=36.2°C, 电机=33.9°C (读取次数=240)
[P4.3] 轴1: 电流=42, 错误=0x0000, 电压=48195mV, MOSFET=34.7°C, 电机=33.7°C (读取次数=240)
[CMD_SERVER] Parsed command type=5
[CMD_SERVER] Enqueued, count=1
[P4.3] 轴2: 电流=-10, 错误=0x0000, 电压=48442mV, MOSFET=36.6°C, 电机=32.8°C (读取次数=240)
[CMD_SERVER] Parsed command type=5
[CMD_SERVER] Enqueued, count=1
[CMD_SERVER] Parsed command type=5
[CMD_SERVER] Enqueued, count=1
[CMD_SERVER] Parsed command type=5
[CMD_SERVER] Enqueued, count=1
[CMD_SERVER] Parsed command type=5
[CMD_SERVER] Enqueued, count=1
[CMD_SERVER] Parsed command type=5
[CMD_SERVER] Enqueued, count=1
[CMD_SERVER] Parsed command type=5
[CMD_SERVER] Enqueued, count=1
[CMD_SERVER] Parsed command type=5
[CMD_SERVER] Enqueued, count=1
[CMD_SERVER] Parsed command type=5
[CMD_SERVER] Enqueued, count=1
[CMD_SERVER] Parsed command type=5
[CMD_SERVER] Enqueued, count=1
[CMD_SERVER] Parsed command type=5
[CMD_SERVER] Enqueued, count=1
[CMD_SERVER] Parsed command type=5
[CMD_SERVER] Enqueued, count=1
[CMD_SERVER] Parsed command type=5
[CMD_SERVER] Enqueued, count=1
[CMD_SERVER] Parsed command type=5
[CMD_SERVER] Enqueued, count=1
[CMD_SERVER] Parsed command type=5
[CMD_SERVER] Enqueued, count=1
[CMD_SERVER] Parsed command type=5
[CMD_SERVER] Enqueued, count=1
[CMD_SERVER] Parsed command type=5
[CMD_SERVER] Enqueued, count=1
[CMD_SERVER] Parsed command type=5
[CMD_SERVER] Enqueued, count=1
[CMD_SERVER] Parsed command type=5
[CMD_SERVER] Enqueued, count=1
[CMD_SERVER] Parsed command type=5
[CMD_SERVER] Enqueued, count=1
[CMD_SERVER] Parsed command type=5
[CMD_SERVER] Enqueued, count=1
[CMD_SERVER] Parsed command type=5
[CMD_SERVER] Enqueued, count=1
[CMD_SERVER] Parsed command type=5
[CMD_SERVER] Enqueued, count=1
[CMD_SERVER] Parsed command type=5
[CMD_SERVER] Enqueued, count=1
[CMD_SERVER] Parsed command type=5
[CMD_SERVER] Enqueued, count=1
[CMD_SERVER] Parsed command type=5
[CMD_SERVER] Enqueued, count=1
[CMD_SERVER] Parsed command type=5
[CMD_SERVER] Enqueued, count=1
[CMD_SERVER] Parsed command type=5
[CMD_SERVER] Enqueued, count=1
[CMD_SERVER] Parsed command type=5
[CMD_SERVER] Enqueued, count=1
[CMD_SERVER] Parsed command type=5
[CMD_SERVER] Enqueued, count=1
[CMD_SERVER] Parsed command type=5
[CMD_SERVER] Enqueued, count=1
[CMD_SERVER] Parsed command type=5
[CMD_SERVER] Enqueued, count=1
[CMD_SERVER] Parsed command type=5
[CMD_SERVER] Enqueued, count=1
[CMD_SERVER] Parsed command type=5
[CMD_SERVER] Enqueued, count=1
[CMD_SERVER] Parsed command type=5
[CMD_SERVER] Enqueued, count=1
[CMD_SERVER] Parsed command type=5
[CMD_SERVER] Enqueued, count=1
[CMD_SERVER] Parsed command type=5
[CMD_SERVER] Enqueued, count=1
[CMD_SERVER] Parsed command type=1
[CMD_SERVER] Enqueued, count=1
[CMD_SERVER] Parsed command type=5
[CMD_SERVER] Enqueued, count=1
[CMD_SERVER] Parsed command type=5
[CMD_SERVER] Enqueued, count=1
[CMD_SERVER] Parsed command type=5
[CMD_SERVER] Enqueued, count=1
[CMD_SERVER] Parsed command type=5
[CMD_SERVER] Enqueued, count=1
[CMD_SERVER] Parsed command type=5
[CMD_SERVER] Enqueued, count=1
[CMD_SERVER] Parsed command type=5
[CMD_SERVER] Enqueued, count=1
[CMD_SERVER] Parsed command type=5
[CMD_SERVER] Enqueued, count=1
[CMD_SERVER] Parsed command type=5
[CMD_SERVER] Enqueued, count=1
[CMD_SERVER] Parsed command type=5
[CMD_SERVER] Enqueued, count=1
[CMD_SERVER] Parsed command type=5
[CMD_SERVER] Enqueued, count=1
[CMD_SERVER] Parsed command type=5
[CMD_SERVER] Enqueued, count=1
[CMD_SERVER] Parsed command type=5
[CMD_SERVER] Enqueued, count=1
[CMD_SERVER] Parsed command type=5
[CMD_SERVER] Enqueued, count=1
[CMD_SERVER] Parsed command type=5
[CMD_SERVER] Enqueued, count=1
[CMD_SERVER] Parsed command type=5
[CMD_SERVER] Enqueued, count=1
[CMD_SERVER] Parsed command type=5
[CMD_SERVER] Enqueued, count=1
[CMD_SERVER] Parsed command type=5
[CMD_SERVER] Enqueued, count=1
[CMD_SERVER] Parsed command type=5
[CMD_SERVER] Enqueued, count=1
[CMD_SERVER] Parsed command type=5
[CMD_SERVER] Enqueued, count=1
[CMD_SERVER] Parsed command type=5
[CMD_SERVER] Enqueued, count=1
[CMD_SERVER] Parsed command type=5
[CMD_SERVER] Enqueued, count=1
[CMD_SERVER] Parsed command type=5
[CMD_SERVER] Enqueued, count=1
[CMD_SERVER] Parsed command type=5
[CMD_SERVER] Enqueued, count=1
[CMD_SERVER] Parsed command type=5
[CMD_SERVER] Enqueued, count=1
[CMD_SERVER] Parsed command type=5
[CMD_SERVER] Enqueued, count=1
[CMD_SERVER] Parsed command type=5
[CMD_SERVER] Enqueued, count=1
[CMD_SERVER] Parsed command type=5
[CMD_SERVER] Enqueued, count=1
[CMD_SERVER] Parsed command type=5
[CMD_SERVER] Enqueued, count=1
[CMD_SERVER] Parsed command type=5
[CMD_SERVER] Enqueued, count=1
[CMD_SERVER] Parsed command type=5
[CMD_SERVER] Enqueued, count=1
[CMD_SERVER] Parsed command type=5
[CMD_SERVER] Enqueued, count=1
[CMD_SERVER] Parsed command type=5
[CMD_SERVER] Enqueued, count=1
[CMD_SERVER] Parsed command type=5
[CMD_SERVER] Enqueued, count=1
[CMD_SERVER] Parsed command type=5
[CMD_SERVER] Enqueued, count=1
[CMD_SERVER] Parsed command type=5
[CMD_SERVER] Enqueued, count=1
[CMD_SERVER] Parsed command type=5
[CMD_SERVER] Enqueued, count=1
[CMD_SERVER] Parsed command type=5
[CMD_SERVER] Enqueued, count=1
[CMD_SERVER] Parsed command type=5
[CMD_SERVER] Enqueued, count=1
[CMD_SERVER] Parsed command type=5
[CMD_SERVER] Enqueued, count=1
[CMD_SERVER] Parsed command type=5
[CMD_SERVER] Enqueued, count=1
[CMD_SERVER] Parsed command type=5
[CMD_SERVER] Enqueued, count=1
[CMD_SERVER] Parsed command type=5
[CMD_SERVER] Enqueued, count=1
[CMD_SERVER] Parsed command type=5
[CMD_SERVER] Enqueued, count=1
[CMD_SERVER] Parsed command type=5
[CMD_SERVER] Enqueued, count=1
[CMD_SERVER] Parsed command type=5
[CMD_SERVER] Enqueued, count=1
[CMD_SERVER] Parsed command type=5
[CMD_SERVER] Enqueued, count=1
[CMD_SERVER] Parsed command type=5
[CMD_SERVER] Enqueued, count=1
[CMD_SERVER] Parsed command type=5
[CMD_SERVER] Enqueued, count=1
[CMD_SERVER] Parsed command type=5
[CMD_SERVER] Enqueued, count=1
[CMD_SERVER] Parsed command type=5
[CMD_SERVER] Enqueued, count=1
[CMD_SERVER] Parsed command type=5
[CMD_SERVER] Enqueued, count=1
[CMD_SERVER] Parsed command type=5
[CMD_SERVER] Enqueued, count=1
[P4.3] 轴0: 电流=-189, 错误=0x0000, 电压=48209mV, MOSFET=36.2°C, 电机=33.9°C (读取次数=260)
[CMD_SERVER] Parsed command type=5
[CMD_SERVER] Enqueued, count=1
[P4.3] 轴1: 电流=20, 错误=0x0000, 电压=48171mV, MOSFET=34.7°C, 电机=33.7°C (读取次数=260)
[CMD_SERVER] Parsed command type=5
[CMD_SERVER] Enqueued, count=1
[P4.3] 轴2: 电流=-128, 错误=0x0000, 电压=48404mV, MOSFET=36.6°C, 电机=32.8°C (读取次数=260)
[CMD_SERVER] Parsed command type=5
[CMD_SERVER] Enqueued, count=1
[CMD_SERVER] Parsed command type=5
[CMD_SERVER] Enqueued, count=1
[CMD_SERVER] Parsed command type=5
[CMD_SERVER] Enqueued, count=1
[CMD_SERVER] Parsed command type=5
[CMD_SERVER] Enqueued, count=1
[CMD_SERVER] Parsed command type=5
[CMD_SERVER] Enqueued, count=1
[CMD_SERVER] Parsed command type=5
[CMD_SERVER] Enqueued, count=1
[CMD_SERVER] Parsed command type=5
[CMD_SERVER] Enqueued, count=1
[CMD_SERVER] Parsed command type=5
[CMD_SERVER] Enqueued, count=1
[CMD_SERVER] Parsed command type=5
[CMD_SERVER] Enqueued, count=1
[CMD_SERVER] Parsed command type=5
[CMD_SERVER] Enqueued, count=1
[CMD_SERVER] Parsed command type=5
[CMD_SERVER] Enqueued, count=1
[CMD_SERVER] Parsed command type=5
[CMD_SERVER] Enqueued, count=1
[CMD_SERVER] Parsed command type=5
[CMD_SERVER] Enqueued, count=1
[CMD_SERVER] Parsed command type=5
[CMD_SERVER] Enqueued, count=1
[CMD_SERVER] Parsed command type=5
[CMD_SERVER] Enqueued, count=1
[CMD_SERVER] Parsed command type=5
[CMD_SERVER] Enqueued, count=1
[CMD_SERVER] Parsed command type=5
[CMD_SERVER] Enqueued, count=1
[CMD_SERVER] Parsed command type=5
[CMD_SERVER] Enqueued, count=1
[CMD_SERVER] Parsed command type=5
[CMD_SERVER] Enqueued, count=1
[CMD_SERVER] Parsed command type=5
[CMD_SERVER] Enqueued, count=1
[CMD_SERVER] Parsed command type=5
[CMD_SERVER] Enqueued, count=1
[CMD_SERVER] Parsed command type=5
[CMD_SERVER] Enqueued, count=1
[CMD_SERVER] Parsed command type=5
[CMD_SERVER] Enqueued, count=1
[CMD_SERVER] Parsed command type=5
[CMD_SERVER] Enqueued, count=1
[CMD_SERVER] Parsed command type=5
[CMD_SERVER] Enqueued, count=1
[CMD_SERVER] Parsed command type=5
[CMD_SERVER] Enqueued, count=1
[CMD_SERVER] Parsed command type=5
[CMD_SERVER] Enqueued, count=1
[CMD_SERVER] Parsed command type=5
[CMD_SERVER] Enqueued, count=1
[CMD_SERVER] Parsed command type=5
[CMD_SERVER] Enqueued, count=1
[CMD_SERVER] Parsed command type=5
[CMD_SERVER] Enqueued, count=1
[CMD_SERVER] Parsed command type=5
[CMD_SERVER] Enqueued, count=1
[CMD_SERVER] Parsed command type=5
[CMD_SERVER] Enqueued, count=1
[CMD_SERVER] Parsed command type=5
[CMD_SERVER] Enqueued, count=1
[CMD_SERVER] Parsed command type=5
[CMD_SERVER] Enqueued, count=1
[CMD_SERVER] Parsed command type=5
[CMD_SERVER] Enqueued, count=1
[CMD_SERVER] Parsed command type=5
[CMD_SERVER] Enqueued, count=1
[CMD_SERVER] Parsed command type=5
[CMD_SERVER] Enqueued, count=1
[CMD_SERVER] Parsed command type=5
[CMD_SERVER] Enqueued, count=1
[CMD_SERVER] Parsed command type=5
[CMD_SERVER] Enqueued, count=1
[CMD_SERVER] Parsed command type=5
[CMD_SERVER] Enqueued, count=1
[CMD_SERVER] Parsed command type=5
[CMD_SERVER] Enqueued, count=1
[CMD_SERVER] Parsed command type=5
[CMD_SERVER] Enqueued, count=1
[CMD_SERVER] Parsed command type=5
[CMD_SERVER] Enqueued, count=1
[CMD_SERVER] Parsed command type=5
[CMD_SERVER] Enqueued, count=1
[CMD_SERVER] Parsed command type=5
[CMD_SERVER] Enqueued, count=1
[CMD_SERVER] Parsed command type=5
[CMD_SERVER] Enqueued, count=1
[CMD_SERVER] Parsed command type=5
[CMD_SERVER] Enqueued, count=1
[CMD_SERVER] Parsed command type=5
[CMD_SERVER] Enqueued, count=1
[CMD_SERVER] Parsed command type=5
[CMD_SERVER] Enqueued, count=1
[CMD_SERVER] Parsed command type=5
[CMD_SERVER] Enqueued, count=1
[CMD_SERVER] Parsed command type=5
[CMD_SERVER] Enqueued, count=1
[CMD_SERVER] Parsed command type=5
[CMD_SERVER] Enqueued, count=1
[CMD_SERVER] Parsed command type=5
[CMD_SERVER] Enqueued, count=1
[CMD_SERVER] Parsed command type=5
[CMD_SERVER] Enqueued, count=1
[CMD_SERVER] Parsed command type=5
[CMD_SERVER] Enqueued, count=1
[CMD_SERVER] Parsed command type=5
[CMD_SERVER] Enqueued, count=1
[CMD_SERVER] Parsed command type=5
[CMD_SERVER] Enqueued, count=1
[CMD_SERVER] Parsed command type=5
[CMD_SERVER] Enqueued, count=1
[CMD_SERVER] Parsed command type=5
[CMD_SERVER] Enqueued, count=1
[CMD_SERVER] Parsed command type=5
[CMD_SERVER] Enqueued, count=1
[CMD_SERVER] Parsed command type=5
[CMD_SERVER] Enqueued, count=1
[CMD_SERVER] Parsed command type=5
[CMD_SERVER] Enqueued, count=1
[CMD_SERVER] Parsed command type=5
[CMD_SERVER] Enqueued, count=1
[CMD_SERVER] Parsed command type=5
[CMD_SERVER] Enqueued, count=1
[CMD_SERVER] Parsed command type=5
[CMD_SERVER] Enqueued, count=1
[CMD_SERVER] Parsed command type=5
[CMD_SERVER] Enqueued, count=1
[CMD_SERVER] Parsed command type=5
[CMD_SERVER] Enqueued, count=1
[CMD_SERVER] Parsed command type=5
[CMD_SERVER] Enqueued, count=1
[CMD_SERVER] Parsed command type=5
[CMD_SERVER] Enqueued, count=1
[CMD_SERVER] Parsed command type=5
[CMD_SERVER] Enqueued, count=1
[CMD_SERVER] Parsed command type=5
[CMD_SERVER] Enqueued, count=1
[CMD_SERVER] Parsed command type=5
[CMD_SERVER] Enqueued, count=1
[CMD_SERVER] Parsed command type=5
[CMD_SERVER] Enqueued, count=1
[CMD_SERVER] Parsed command type=5
[CMD_SERVER] Enqueued, count=1
[CMD_SERVER] Parsed command type=5
[CMD_SERVER] Enqueued, count=1
[CMD_SERVER] Parsed command type=5
[CMD_SERVER] Enqueued, count=1
[CMD_SERVER] Parsed command type=5
[CMD_SERVER] Enqueued, count=1
[CMD_SERVER] Parsed command type=5
[CMD_SERVER] Enqueued, count=1
[CMD_SERVER] Parsed command type=5
[CMD_SERVER] Enqueued, count=1
[CMD_SERVER] Parsed command type=5
[CMD_SERVER] Enqueued, count=1
[CMD_SERVER] Parsed command type=5
[CMD_SERVER] Enqueued, count=1
[CMD_SERVER] Parsed command type=5
[CMD_SERVER] Enqueued, count=1
[CMD_SERVER] Parsed command type=5
[CMD_SERVER] Enqueued, count=1
[CMD_SERVER] Parsed command type=5
[CMD_SERVER] Enqueued, count=1
[CMD_SERVER] Parsed command type=5
[CMD_SERVER] Enqueued, count=1
[P4.3] 轴0: 电流=-110, 错误=0x0000, 电压=48223mV, MOSFET=36.3°C, 电机=33.9°C (读取次数=280)
[CMD_SERVER] Parsed command type=5
[CMD_SERVER] Enqueued, count=1
[P4.3] 轴1: 电流=-16, 错误=0x0000, 电压=48145mV, MOSFET=34.7°C, 电机=33.7°C (读取次数=280)
[CMD_SERVER] Parsed command type=5
[CMD_SERVER] Enqueued, count=1
[P4.3] 轴2: 电流=75, 错误=0x0000, 电压=48442mV, MOSFET=36.7°C, 电机=32.8°C (读取次数=280)
[CMD_SERVER] Parsed command type=5
[CMD_SERVER] Enqueued, count=1
[CMD_SERVER] Parsed command type=5
[CMD_SERVER] Enqueued, count=1
[CMD_SERVER] Parsed command type=5
[CMD_SERVER] Enqueued, count=1
[CMD_SERVER] Parsed command type=5
[CMD_SERVER] Enqueued, count=1
[CMD_SERVER] Parsed command type=5
[CMD_SERVER] Enqueued, count=1
[CMD_SERVER] Parsed command type=5
[CMD_SERVER] Enqueued, count=1
[CMD_SERVER] Parsed command type=5
[CMD_SERVER] Enqueued, count=1
[CMD_SERVER] Parsed command type=5
[CMD_SERVER] Enqueued, count=1
[CMD_SERVER] Parsed command type=5
[CMD_SERVER] Enqueued, count=1
[CMD_SERVER] Parsed command type=5
[CMD_SERVER] Enqueued, count=1
[CMD_SERVER] Parsed command type=5
[CMD_SERVER] Enqueued, count=1
[CMD_SERVER] Parsed command type=5
[CMD_SERVER] Enqueued, count=1
[CMD_SERVER] Parsed command type=5
[CMD_SERVER] Enqueued, count=1
[CMD_SERVER] Parsed command type=5
[CMD_SERVER] Enqueued, count=1
[CMD_SERVER] Parsed command type=5
[CMD_SERVER] Enqueued, count=1
[CMD_SERVER] Parsed command type=5
[CMD_SERVER] Enqueued, count=1
[CMD_SERVER] Parsed command type=5
[CMD_SERVER] Enqueued, count=1
[CMD_SERVER] Parsed command type=5
[CMD_SERVER] Enqueued, count=1
[CMD_SERVER] Parsed command type=5
[CMD_SERVER] Enqueued, count=1
[CMD_SERVER] Parsed command type=5
[CMD_SERVER] Enqueued, count=1
[CMD_SERVER] Parsed command type=5
[CMD_SERVER] Enqueued, count=1
[CMD_SERVER] Parsed command type=5
[CMD_SERVER] Enqueued, count=1
[CMD_SERVER] Parsed command type=5
[CMD_SERVER] Enqueued, count=1
[CMD_SERVER] Parsed command type=5
[CMD_SERVER] Enqueued, count=1
[CMD_SERVER] Parsed command type=5
[CMD_SERVER] Enqueued, count=1
[CMD_SERVER] Parsed command type=5
[CMD_SERVER] Enqueued, count=1
[CMD_SERVER] Parsed command type=5
[CMD_SERVER] Enqueued, count=1
[CMD_SERVER] Parsed command type=5
[CMD_SERVER] Enqueued, count=1
[CMD_SERVER] Parsed command type=5
[CMD_SERVER] Enqueued, count=1
[CMD_SERVER] Parsed command type=5
[CMD_SERVER] Enqueued, count=1
[CMD_SERVER] Parsed command type=5
[CMD_SERVER] Enqueued, count=1
[CMD_SERVER] Parsed command type=5
[CMD_SERVER] Enqueued, count=1
[CMD_SERVER] Parsed command type=5
[CMD_SERVER] Enqueued, count=1
[CMD_SERVER] Parsed command type=5
[CMD_SERVER] Enqueued, count=1
[CMD_SERVER] Parsed command type=5
[CMD_SERVER] Enqueued, count=1
[CMD_SERVER] Parsed command type=5
[CMD_SERVER] Enqueued, count=1
[CMD_SERVER] Parsed command type=5
[CMD_SERVER] Enqueued, count=1
[CMD_SERVER] Parsed command type=5
[CMD_SERVER] Enqueued, count=1
[CMD_SERVER] Parsed command type=5
[CMD_SERVER] Enqueued, count=1
[CMD_SERVER] Parsed command type=5
[CMD_SERVER] Enqueued, count=1
[CMD_SERVER] Parsed command type=5
[CMD_SERVER] Enqueued, count=1
[CMD_SERVER] Parsed command type=5
[CMD_SERVER] Enqueued, count=1
[CMD_SERVER] Parsed command type=5
[CMD_SERVER] Enqueued, count=1
[CMD_SERVER] Parsed command type=5
[CMD_SERVER] Enqueued, count=1
[CMD_SERVER] Parsed command type=5
[CMD_SERVER] Enqueued, count=1
[CMD_SERVER] Parsed command type=5
[CMD_SERVER] Enqueued, count=1
[CMD_SERVER] Parsed command type=5
[CMD_SERVER] Enqueued, count=1
[CMD_SERVER] Parsed command type=5
[CMD_SERVER] Enqueued, count=1
[CMD_SERVER] Parsed command type=5
[CMD_SERVER] Enqueued, count=1
[CMD_SERVER] Parsed command type=5
[CMD_SERVER] Enqueued, count=1
[CMD_SERVER] Parsed command type=5
[CMD_SERVER] Enqueued, count=1
[CMD_SERVER] Parsed command type=5
[CMD_SERVER] Enqueued, count=1
[CMD_SERVER] Parsed command type=5
[CMD_SERVER] Enqueued, count=1
[CMD_SERVER] Parsed command type=5
[CMD_SERVER] Enqueued, count=1
[CMD_SERVER] Parsed command type=5
[CMD_SERVER] Enqueued, count=1
[CMD_SERVER] Parsed command type=5
[CMD_SERVER] Enqueued, count=1
[CMD_SERVER] Parsed command type=5
[CMD_SERVER] Enqueued, count=1
[CMD_SERVER] Parsed command type=5
[CMD_SERVER] Enqueued, count=1
[CMD_SERVER] Parsed command type=5
[CMD_SERVER] Enqueued, count=1
[CMD_SERVER] Parsed command type=5
[CMD_SERVER] Enqueued, count=1
[CMD_SERVER] Parsed command type=5
[CMD_SERVER] Enqueued, count=1
[CMD_SERVER] Parsed command type=5
[CMD_SERVER] Enqueued, count=1
[CMD_SERVER] Parsed command type=5
[CMD_SERVER] Enqueued, count=1
[CMD_SERVER] Parsed command type=5
[CMD_SERVER] Enqueued, count=1
[CMD_SERVER] Parsed command type=5
[CMD_SERVER] Enqueued, count=1
[CMD_SERVER] Parsed command type=5
[CMD_SERVER] Enqueued, count=1
[CMD_SERVER] Parsed command type=5
[CMD_SERVER] Enqueued, count=1
[CMD_SERVER] Parsed command type=5
[CMD_SERVER] Enqueued, count=1
[CMD_SERVER] Parsed command type=5
[CMD_SERVER] Enqueued, count=1
[CMD_SERVER] Parsed command type=5
[CMD_SERVER] Enqueued, count=1
[CMD_SERVER] Parsed command type=5
[CMD_SERVER] Enqueued, count=1
[CMD_SERVER] Parsed command type=5
[CMD_SERVER] Enqueued, count=1
[CMD_SERVER] Parsed command type=5
[CMD_SERVER] Enqueued, count=1
[CMD_SERVER] Parsed command type=5
[CMD_SERVER] Enqueued, count=1
[CMD_SERVER] Parsed command type=5
[CMD_SERVER] Enqueued, count=1
[CMD_SERVER] Parsed command type=5
[CMD_SERVER] Enqueued, count=1
[CMD_SERVER] Parsed command type=5
[CMD_SERVER] Enqueued, count=1
[CMD_SERVER] Parsed command type=5
[CMD_SERVER] Enqueued, count=1
[CMD_SERVER] Parsed command type=5
[CMD_SERVER] Enqueued, count=1
[CMD_SERVER] Parsed command type=5
[CMD_SERVER] Enqueued, count=1
[CMD_SERVER] Parsed command type=5
[CMD_SERVER] Enqueued, count=1
[CMD_SERVER] Parsed command type=5
[CMD_SERVER] Enqueued, count=1
[CMD_SERVER] Parsed command type=5
[CMD_SERVER] Enqueued, count=1
[CMD_SERVER] Parsed command type=5
[CMD_SERVER] Enqueued, count=1
[CMD_SERVER] Parsed command type=5
[CMD_SERVER] Enqueued, count=1
[CMD_SERVER] Parsed command type=5
[CMD_SERVER] Enqueued, count=1
[P4.3] 轴0: 电流=-16, 错误=0x0000, 电压=48186mV, MOSFET=36.3°C, 电机=33.9°C (读取次数=300)
[P4.3] 轴1: 电流=-55, 错误=0x0000, 电压=48233mV, MOSFET=34.8°C, 电机=33.7°C (读取次数=300)
[CMD_SERVER] Parsed command type=5
[CMD_SERVER] Enqueued, count=1
[P4.3] 轴2: 电流=-102, 错误=0x0000, 电压=48429mV, MOSFET=36.7°C, 电机=32.8°C (读取次数=300)
[CMD_SERVER] Parsed command type=5
[CMD_SERVER] Enqueued, count=1
[CMD_SERVER] Parsed command type=5
[CMD_SERVER] Enqueued, count=1
[CMD_SERVER] Parsed command type=5
[CMD_SERVER] Enqueued, count=1
[CMD_SERVER] Parsed command type=5
[CMD_SERVER] Enqueued, count=1
[CMD_SERVER] Parsed command type=5
[CMD_SERVER] Enqueued, count=1
[CMD_SERVER] Parsed command type=5
[CMD_SERVER] Enqueued, count=1
[CMD_SERVER] Parsed command type=5
[CMD_SERVER] Enqueued, count=1
[CMD_SERVER] Parsed command type=5
[CMD_SERVER] Enqueued, count=1
[CMD_SERVER] Parsed command type=5
[CMD_SERVER] Enqueued, count=1
[CMD_SERVER] Parsed command type=5
[CMD_SERVER] Enqueued, count=1
[CMD_SERVER] Parsed command type=5
[CMD_SERVER] Enqueued, count=1
[CMD_SERVER] Parsed command type=1
[CMD_SERVER] Enqueued, count=1
[CMD_SERVER] Parsed command type=5
[CMD_SERVER] Enqueued, count=1
[CMD_SERVER] Parsed command type=5
[CMD_SERVER] Enqueued, count=1
[CMD_SERVER] Parsed command type=5
[CMD_SERVER] Enqueued, count=1
[CMD_SERVER] Parsed command type=5
[CMD_SERVER] Enqueued, count=1
[CMD_SERVER] Parsed command type=5
[CMD_SERVER] Enqueued, count=1
[CMD_SERVER] Parsed command type=5
[CMD_SERVER] Enqueued, count=1
[CMD_SERVER] Parsed command type=5
[CMD_SERVER] Enqueued, count=1
[CMD_SERVER] Parsed command type=5
[CMD_SERVER] Enqueued, count=1
[CMD_SERVER] Parsed command type=5
[CMD_SERVER] Enqueued, count=1
[CMD_SERVER] Parsed command type=5
[CMD_SERVER] Enqueued, count=1
[CMD_SERVER] Parsed command type=5
[CMD_SERVER] Enqueued, count=1
[CMD_SERVER] Parsed command type=5
[CMD_SERVER] Enqueued, count=1
[CMD_SERVER] Parsed command type=5
[CMD_SERVER] Enqueued, count=1
[CMD_SERVER] Parsed command type=5
[CMD_SERVER] Enqueued, count=1
[CMD_SERVER] Parsed command type=5
[CMD_SERVER] Enqueued, count=1
[CMD_SERVER] Parsed command type=5
[CMD_SERVER] Enqueued, count=1
[CMD_SERVER] Parsed command type=5
[CMD_SERVER] Enqueued, count=1
[CMD_SERVER] Parsed command type=5
[CMD_SERVER] Enqueued, count=1
[CMD_SERVER] Parsed command type=5
[CMD_SERVER] Enqueued, count=1
[CMD_SERVER] Parsed command type=5
[CMD_SERVER] Enqueued, count=1
[CMD_SERVER] Parsed command type=5
[CMD_SERVER] Enqueued, count=1
[CMD_SERVER] Parsed command type=5
[CMD_SERVER] Enqueued, count=1
[CMD_SERVER] Parsed command type=5
[CMD_SERVER] Enqueued, count=1
[CMD_SERVER] Parsed command type=5
[CMD_SERVER] Enqueued, count=1
[CMD_SERVER] Parsed command type=5
[CMD_SERVER] Enqueued, count=1
[CMD_SERVER] Parsed command type=5
[CMD_SERVER] Enqueued, count=1
[CMD_SERVER] Parsed command type=5
[CMD_SERVER] Enqueued, count=1
[CMD_SERVER] Parsed command type=5
[CMD_SERVER] Enqueued, count=1
[CMD_SERVER] Parsed command type=5
[CMD_SERVER] Enqueued, count=1
[CMD_SERVER] Parsed command type=5
[CMD_SERVER] Enqueued, count=1
[CMD_SERVER] Parsed command type=5
[CMD_SERVER] Enqueued, count=1
[CMD_SERVER] Parsed command type=5
[CMD_SERVER] Enqueued, count=1
[CMD_SERVER] Parsed command type=5
[CMD_SERVER] Enqueued, count=1
[CMD_SERVER] Parsed command type=5
[CMD_SERVER] Enqueued, count=1
[CMD_SERVER] Parsed command type=5
[CMD_SERVER] Enqueued, count=1
[CMD_SERVER] Parsed command type=5
[CMD_SERVER] Enqueued, count=1
[CMD_SERVER] Parsed command type=5
[CMD_SERVER] Enqueued, count=1
[CMD_SERVER] Parsed command type=5
[CMD_SERVER] Enqueued, count=1
[CMD_SERVER] Parsed command type=5
[CMD_SERVER] Enqueued, count=1
[CMD_SERVER] Parsed command type=5
[CMD_SERVER] Enqueued, count=1
[CMD_SERVER] Parsed command type=5
[CMD_SERVER] Enqueued, count=1
[CMD_SERVER] Parsed command type=5
[CMD_SERVER] Enqueued, count=1
[CMD_SERVER] Parsed command type=5
[CMD_SERVER] Enqueued, count=1
[CMD_SERVER] Parsed command type=5
[CMD_SERVER] Enqueued, count=1
[CMD_SERVER] Parsed command type=5
[CMD_SERVER] Enqueued, count=1
[CMD_SERVER] Parsed command type=5
[CMD_SERVER] Enqueued, count=1
[CMD_SERVER] Parsed command type=5
[CMD_SERVER] Enqueued, count=1
[CMD_SERVER] Parsed command type=5
[CMD_SERVER] Enqueued, count=1
[CMD_SERVER] Parsed command type=5
[CMD_SERVER] Enqueued, count=1
[CMD_SERVER] Parsed command type=5
[CMD_SERVER] Enqueued, count=1
[CMD_SERVER] Parsed command type=5
[CMD_SERVER] Enqueued, count=1
[CMD_SERVER] Parsed command type=5
[CMD_SERVER] Enqueued, count=1
[CMD_SERVER] Parsed command type=5
[CMD_SERVER] Enqueued, count=1
[CMD_SERVER] Parsed command type=5
[CMD_SERVER] Enqueued, count=1
[CMD_SERVER] Parsed command type=5
[CMD_SERVER] Enqueued, count=1
[CMD_SERVER] Parsed command type=5
[CMD_SERVER] Enqueued, count=1
[CMD_SERVER] Parsed command type=5
[CMD_SERVER] Enqueued, count=1
[CMD_SERVER] Parsed command type=5
[CMD_SERVER] Enqueued, count=1
[CMD_SERVER] Parsed command type=5
[CMD_SERVER] Enqueued, count=1
[CMD_SERVER] Parsed command type=5
[CMD_SERVER] Enqueued, count=1
[CMD_SERVER] Parsed command type=5
[CMD_SERVER] Enqueued, count=1
[CMD_SERVER] Parsed command type=5
[CMD_SERVER] Enqueued, count=1
[CMD_SERVER] Parsed command type=5
[CMD_SERVER] Enqueued, count=1
[CMD_SERVER] Parsed command type=5
[CMD_SERVER] Enqueued, count=1
[CMD_SERVER] Parsed command type=5
[CMD_SERVER] Enqueued, count=1
[CMD_SERVER] Parsed command type=5
[CMD_SERVER] Enqueued, count=1
[CMD_SERVER] Parsed command type=5
[CMD_SERVER] Enqueued, count=1
[CMD_SERVER] Parsed command type=5
[CMD_SERVER] Enqueued, count=1
[CMD_SERVER] Parsed command type=5
[CMD_SERVER] Enqueued, count=1
[CMD_SERVER] Parsed command type=5
[CMD_SERVER] Enqueued, count=1
[CMD_SERVER] Parsed command type=5
[CMD_SERVER] Enqueued, count=1
[CMD_SERVER] Parsed command type=5
[CMD_SERVER] Enqueued, count=1
[CMD_SERVER] Parsed command type=5
[CMD_SERVER] Enqueued, count=1
[CMD_SERVER] Parsed command type=5
[CMD_SERVER] Enqueued, count=1
[CMD_SERVER] Parsed command type=5
[CMD_SERVER] Enqueued, count=1
[CMD_SERVER] Parsed command type=5
[CMD_SERVER] Enqueued, count=1
[CMD_SERVER] Parsed command type=5
[CMD_SERVER] Enqueued, count=1
[P4.3] 轴0: 电流=71, 错误=0x0000, 电压=48220mV, MOSFET=36.4°C, 电机=33.9°C (读取次数=320)
[CMD_SERVER] Parsed command type=5
[CMD_SERVER] Enqueued, count=1
[P4.3] 轴1: 电流=-94, 错误=0x0000, 电压=48181mV, MOSFET=34.8°C, 电机=33.7°C (读取次数=320)
[P4.3] 轴2: 电流=-64, 错误=0x0000, 电压=48432mV, MOSFET=36.7°C, 电机=32.8°C (读取次数=320)
[CMD_SERVER] Parsed command type=5
[CMD_SERVER] Enqueued, count=1
[CMD_SERVER] Parsed command type=5
[CMD_SERVER] Enqueued, count=1
[CMD_SERVER] Parsed command type=5
[CMD_SERVER] Enqueued, count=1
[CMD_SERVER] Parsed command type=5
[CMD_SERVER] Enqueued, count=1
[CMD_SERVER] Parsed command type=5
[CMD_SERVER] Enqueued, count=1
[CMD_SERVER] Parsed command type=5
[CMD_SERVER] Enqueued, count=1
[CMD_SERVER] Parsed command type=5
[CMD_SERVER] Enqueued, count=1
[CMD_SERVER] Parsed command type=5
[CMD_SERVER] Enqueued, count=1
[CMD_SERVER] Parsed command type=5
[CMD_SERVER] Enqueued, count=1
[CMD_SERVER] Parsed command type=5
[CMD_SERVER] Enqueued, count=1
[CMD_SERVER] Parsed command type=5
[CMD_SERVER] Enqueued, count=1
[CMD_SERVER] Parsed command type=5
[CMD_SERVER] Enqueued, count=1
[CMD_SERVER] Parsed command type=5
[CMD_SERVER] Enqueued, count=1
[CMD_SERVER] Parsed command type=5
[CMD_SERVER] Enqueued, count=1
[CMD_SERVER] Parsed command type=5
[CMD_SERVER] Enqueued, count=1
[CMD_SERVER] Parsed command type=5
[CMD_SERVER] Enqueued, count=1
[CMD_SERVER] Parsed command type=5
[CMD_SERVER] Enqueued, count=1
[CMD_SERVER] Parsed command type=5
[CMD_SERVER] Enqueued, count=1
[CMD_SERVER] Parsed command type=5
[CMD_SERVER] Enqueued, count=1
[CMD_SERVER] Parsed command type=5
[CMD_SERVER] Enqueued, count=1
[CMD_SERVER] Parsed command type=5
[CMD_SERVER] Enqueued, count=1
[CMD_SERVER] Parsed command type=5
[CMD_SERVER] Enqueued, count=1
[CMD_SERVER] Parsed command type=5
[CMD_SERVER] Enqueued, count=1
[CMD_SERVER] Parsed command type=5
[CMD_SERVER] Enqueued, count=1
[CMD_SERVER] Parsed command type=5
[CMD_SERVER] Enqueued, count=1
[CMD_SERVER] Parsed command type=5
[CMD_SERVER] Enqueued, count=1
[CMD_SERVER] Parsed command type=5
[CMD_SERVER] Enqueued, count=1
[CMD_SERVER] Parsed command type=5
[CMD_SERVER] Enqueued, count=1
[CMD_SERVER] Parsed command type=5
[CMD_SERVER] Enqueued, count=1
[CMD_SERVER] Parsed command type=5
[CMD_SERVER] Enqueued, count=1
[CMD_SERVER] Parsed command type=5
[CMD_SERVER] Enqueued, count=1
[CMD_SERVER] Parsed command type=5
[CMD_SERVER] Enqueued, count=1
[CMD_SERVER] Parsed command type=5
[CMD_SERVER] Enqueued, count=1
[CMD_SERVER] Parsed command type=5
[CMD_SERVER] Enqueued, count=1
[CMD_SERVER] Parsed command type=5
[CMD_SERVER] Enqueued, count=1
[CMD_SERVER] Parsed command type=5
[CMD_SERVER] Enqueued, count=1
[CMD_SERVER] Parsed command type=5
[CMD_SERVER] Enqueued, count=1
[CMD_SERVER] Parsed command type=5
[CMD_SERVER] Enqueued, count=1
[CMD_SERVER] Parsed command type=5
[CMD_SERVER] Enqueued, count=1
[CMD_SERVER] Parsed command type=5
[CMD_SERVER] Enqueued, count=1
[CMD_SERVER] Parsed command type=5
[CMD_SERVER] Enqueued, count=1
[CMD_SERVER] Parsed command type=5
[CMD_SERVER] Enqueued, count=1
[CMD_SERVER] Parsed command type=5
[CMD_SERVER] Enqueued, count=1
[CMD_SERVER] Parsed command type=5
[CMD_SERVER] Enqueued, count=1
[CMD_SERVER] Parsed command type=5
[CMD_SERVER] Enqueued, count=1
[CMD_SERVER] Parsed command type=5
[CMD_SERVER] Enqueued, count=1
[CMD_SERVER] Parsed command type=5
[CMD_SERVER] Enqueued, count=1
[CMD_SERVER] Parsed command type=5
[CMD_SERVER] Enqueued, count=1
[CMD_SERVER] Parsed command type=5
[CMD_SERVER] Enqueued, count=1
[CMD_SERVER] Parsed command type=5
[CMD_SERVER] Enqueued, count=1
[CMD_SERVER] Parsed command type=5
[CMD_SERVER] Enqueued, count=1
[CMD_SERVER] Parsed command type=5
[CMD_SERVER] Enqueued, count=1
[CMD_SERVER] Parsed command type=5
[CMD_SERVER] Enqueued, count=1
[CMD_SERVER] Parsed command type=5
[CMD_SERVER] Enqueued, count=1
[CMD_SERVER] Parsed command type=5
[CMD_SERVER] Enqueued, count=1
[CMD_SERVER] Parsed command type=5
[CMD_SERVER] Enqueued, count=1
[CMD_SERVER] Parsed command type=5
[CMD_SERVER] Enqueued, count=1
[CMD_SERVER] Parsed command type=5
[CMD_SERVER] Enqueued, count=1
[CMD_SERVER] Parsed command type=5
[CMD_SERVER] Enqueued, count=1
[CMD_SERVER] Parsed command type=5
[CMD_SERVER] Enqueued, count=1
[CMD_SERVER] Parsed command type=5
[CMD_SERVER] Enqueued, count=1
[CMD_SERVER] Parsed command type=5
[CMD_SERVER] Enqueued, count=1
[CMD_SERVER] Parsed command type=5
[CMD_SERVER] Enqueued, count=1
[CMD_SERVER] Parsed command type=5
[CMD_SERVER] Enqueued, count=1
[CMD_SERVER] Parsed command type=5
[CMD_SERVER] Enqueued, count=1
[CMD_SERVER] Parsed command type=5
[CMD_SERVER] Enqueued, count=1
[CMD_SERVER] Parsed command type=5
[CMD_SERVER] Enqueued, count=1
[CMD_SERVER] Parsed command type=5
[CMD_SERVER] Enqueued, count=1
[CMD_SERVER] Parsed command type=5
[CMD_SERVER] Enqueued, count=1
[CMD_SERVER] Parsed command type=5
[CMD_SERVER] Enqueued, count=1
[CMD_SERVER] Parsed command type=5
[CMD_SERVER] Enqueued, count=1
[CMD_SERVER] Parsed command type=5
[CMD_SERVER] Enqueued, count=1
[CMD_SERVER] Parsed command type=5
[CMD_SERVER] Enqueued, count=1
[CMD_SERVER] Parsed command type=5
[CMD_SERVER] Enqueued, count=1
[CMD_SERVER] Parsed command type=5
[CMD_SERVER] Enqueued, count=1
[CMD_SERVER] Parsed command type=5
[CMD_SERVER] Enqueued, count=1
[CMD_SERVER] Parsed command type=5
[CMD_SERVER] Enqueued, count=1
[CMD_SERVER] Parsed command type=5
[CMD_SERVER] Enqueued, count=1
[CMD_SERVER] Parsed command type=5
[CMD_SERVER] Enqueued, count=1
[CMD_SERVER] Parsed command type=5
[CMD_SERVER] Enqueued, count=1
[CMD_SERVER] Parsed command type=5
[CMD_SERVER] Enqueued, count=1
[CMD_SERVER] Parsed command type=5
[CMD_SERVER] Enqueued, count=1
[CMD_SERVER] Parsed command type=5
[CMD_SERVER] Enqueued, count=1
[CMD_SERVER] Parsed command type=5
[CMD_SERVER] Enqueued, count=1
[CMD_SERVER] Parsed command type=5
[CMD_SERVER] Enqueued, count=1
[CMD_SERVER] Parsed command type=5
[CMD_SERVER] Enqueued, count=1
[P4.3] 轴0: 电流=27, 错误=0x0000, 电压=48250mV, MOSFET=36.5°C, 电机=33.9°C (读取次数=340)
[P4.3] 轴1: 电流=-50, 错误=0x0000, 电压=48201mV, MOSFET=34.8°C, 电机=33.7°C (读取次数=340)
[CMD_SERVER] Parsed command type=5
[CMD_SERVER] Enqueued, count=1
[P4.3] 轴2: 电流=-72, 错误=0x0000, 电压=48440mV, MOSFET=36.8°C, 电机=32.8°C (读取次数=340)
[CMD_SERVER] Parsed command type=5
[CMD_SERVER] Enqueued, count=1
[CMD_SERVER] Parsed command type=5
[CMD_SERVER] Enqueued, count=1
[CMD_SERVER] Parsed command type=5
[CMD_SERVER] Enqueued, count=1
[CMD_SERVER] Parsed command type=5
[CMD_SERVER] Enqueued, count=1
[CMD_SERVER] Parsed command type=5
[CMD_SERVER] Enqueued, count=1
[CMD_SERVER] Parsed command type=5
[CMD_SERVER] Enqueued, count=1
[CMD_SERVER] Parsed command type=5
[CMD_SERVER] Enqueued, count=1
[CMD_SERVER] Parsed command type=5
[CMD_SERVER] Enqueued, count=1
[CMD_SERVER] Parsed command type=5
[CMD_SERVER] Enqueued, count=1
[CMD_SERVER] Parsed command type=5
[CMD_SERVER] Enqueued, count=1
[CMD_SERVER] Parsed command type=5
[CMD_SERVER] Enqueued, count=1
[CMD_SERVER] Parsed command type=5
[CMD_SERVER] Enqueued, count=1
[CMD_SERVER] Parsed command type=5
[CMD_SERVER] Enqueued, count=1
[CMD_SERVER] Parsed command type=5
[CMD_SERVER] Enqueued, count=1
[CMD_SERVER] Parsed command type=5
[CMD_SERVER] Enqueued, count=1
[CMD_SERVER] Parsed command type=5
[CMD_SERVER] Enqueued, count=1
[CMD_SERVER] Parsed command type=5
[CMD_SERVER] Enqueued, count=1
[CMD_SERVER] Parsed command type=5
[CMD_SERVER] Enqueued, count=1
[CMD_SERVER] Parsed command type=5
[CMD_SERVER] Enqueued, count=1
[CMD_SERVER] Parsed command type=5
[CMD_SERVER] Enqueued, count=1
[CMD_SERVER] Parsed command type=5
[CMD_SERVER] Enqueued, count=1
[CMD_SERVER] Parsed command type=5
[CMD_SERVER] Enqueued, count=1
[CMD_SERVER] Parsed command type=5
[CMD_SERVER] Enqueued, count=1
[CMD_SERVER] Parsed command type=5
[CMD_SERVER] Enqueued, count=1
[CMD_SERVER] Parsed command type=5
[CMD_SERVER] Enqueued, count=1
[CMD_SERVER] Parsed command type=5
[CMD_SERVER] Enqueued, count=1
[CMD_SERVER] Parsed command type=5
[CMD_SERVER] Enqueued, count=1
[CMD_SERVER] Parsed command type=5
[CMD_SERVER] Enqueued, count=1
[CMD_SERVER] Parsed command type=5
[CMD_SERVER] Enqueued, count=1
[CMD_SERVER] Parsed command type=5
[CMD_SERVER] Enqueued, count=1
[CMD_SERVER] Parsed command type=5
[CMD_SERVER] Enqueued, count=1
[CMD_SERVER] Parsed command type=5
[CMD_SERVER] Enqueued, count=1
[CMD_SERVER] Parsed command type=5
[CMD_SERVER] Enqueued, count=1
[CMD_SERVER] Parsed command type=5
[CMD_SERVER] Enqueued, count=1
[CMD_SERVER] Parsed command type=5
[CMD_SERVER] Enqueued, count=1
[CMD_SERVER] Parsed command type=5
[CMD_SERVER] Enqueued, count=1
[CMD_SERVER] Parsed command type=5
[CMD_SERVER] Enqueued, count=1
[CMD_SERVER] Parsed command type=5
[CMD_SERVER] Enqueued, count=1
[CMD_SERVER] Parsed command type=5
[CMD_SERVER] Enqueued, count=1
[CMD_SERVER] Parsed command type=5
[CMD_SERVER] Enqueued, count=1
[CMD_SERVER] Parsed command type=5
[CMD_SERVER] Enqueued, count=1
[CMD_SERVER] Parsed command type=5
[CMD_SERVER] Enqueued, count=1
[CMD_SERVER] Parsed command type=5
[CMD_SERVER] Enqueued, count=1
[CMD_SERVER] Parsed command type=5
[CMD_SERVER] Enqueued, count=1
[CMD_SERVER] Parsed command type=5
[CMD_SERVER] Enqueued, count=1
[CMD_SERVER] Parsed command type=5
[CMD_SERVER] Enqueued, count=1
[CMD_SERVER] Parsed command type=5
[CMD_SERVER] Enqueued, count=1
[CMD_SERVER] Parsed command type=5
[CMD_SERVER] Enqueued, count=1
[CMD_SERVER] Parsed command type=5
[CMD_SERVER] Enqueued, count=1
[CMD_SERVER] Parsed command type=5
[CMD_SERVER] Enqueued, count=1
[CMD_SERVER] Parsed command type=5
[CMD_SERVER] Enqueued, count=1
[CMD_SERVER] Parsed command type=5
[CMD_SERVER] Enqueued, count=1
[CMD_SERVER] Parsed command type=5
[CMD_SERVER] Enqueued, count=1
[CMD_SERVER] Parsed command type=5
[CMD_SERVER] Enqueued, count=1
[CMD_SERVER] Parsed command type=5
[CMD_SERVER] Enqueued, count=1
[CMD_SERVER] Parsed command type=5
[CMD_SERVER] Enqueued, count=1
[CMD_SERVER] Parsed command type=5
[CMD_SERVER] Enqueued, count=1
[CMD_SERVER] Parsed command type=5
[CMD_SERVER] Enqueued, count=1
[CMD_SERVER] Parsed command type=5
[CMD_SERVER] Enqueued, count=1
[CMD_SERVER] Parsed command type=5
[CMD_SERVER] Enqueued, count=1
[CMD_SERVER] Parsed command type=5
[CMD_SERVER] Enqueued, count=1
[CMD_SERVER] Parsed command type=5
[CMD_SERVER] Enqueued, count=1
[CMD_SERVER] Parsed command type=5
[CMD_SERVER] Enqueued, count=1
[CMD_SERVER] Parsed command type=5
[CMD_SERVER] Enqueued, count=1
[CMD_SERVER] Parsed command type=5
[CMD_SERVER] Enqueued, count=1
[CMD_SERVER] Parsed command type=5
[CMD_SERVER] Enqueued, count=1
[CMD_SERVER] Parsed command type=5
[CMD_SERVER] Enqueued, count=1
[CMD_SERVER] Parsed command type=5
[CMD_SERVER] Enqueued, count=1
[CMD_SERVER] Parsed command type=5
[CMD_SERVER] Enqueued, count=1
[CMD_SERVER] Parsed command type=5
[CMD_SERVER] Enqueued, count=1
[CMD_SERVER] Parsed command type=5
[CMD_SERVER] Enqueued, count=1
[CMD_SERVER] Parsed command type=5
[CMD_SERVER] Enqueued, count=1
[CMD_SERVER] Parsed command type=5
[CMD_SERVER] Enqueued, count=1
[CMD_SERVER] Parsed command type=1
[CMD_SERVER] Enqueued, count=1
[CMD_SERVER] Parsed command type=5
[CMD_SERVER] Enqueued, count=1
[CMD_SERVER] Parsed command type=5
[CMD_SERVER] Enqueued, count=1
[CMD_SERVER] Parsed command type=5
[CMD_SERVER] Enqueued, count=1
[CMD_SERVER] Parsed command type=5
[CMD_SERVER] Enqueued, count=1
[CMD_SERVER] Parsed command type=5
[CMD_SERVER] Enqueued, count=1
[CMD_SERVER] Parsed command type=5
[CMD_SERVER] Enqueued, count=1
[CMD_SERVER] Parsed command type=5
[CMD_SERVER] Enqueued, count=1
[CMD_SERVER] Parsed command type=5
[CMD_SERVER] Enqueued, count=1
[CMD_SERVER] Parsed command type=5
[CMD_SERVER] Enqueued, count=1
[CMD_SERVER] Parsed command type=5
[CMD_SERVER] Enqueued, count=1
[CMD_SERVER] Parsed command type=5
[CMD_SERVER] Enqueued, count=1
[CMD_SERVER] Parsed command type=5
[CMD_SERVER] Enqueued, count=1
[CMD_SERVER] Parsed command type=5
[CMD_SERVER] Enqueued, count=1
[CMD_SERVER] Parsed command type=5
[CMD_SERVER] Enqueued, count=1
[CMD_SERVER] Parsed command type=5
[CMD_SERVER] Enqueued, count=1
[P4.3] 轴0: 电流=-168, 错误=0x0000, 电压=48234mV, MOSFET=36.5°C, 电机=33.9°C (读取次数=360)
[CMD_SERVER] Parsed command type=5
[CMD_SERVER] Enqueued, count=1
[P4.3] 轴1: 电流=-6, 错误=0x0000, 电压=48204mV, MOSFET=34.8°C, 电机=33.7°C (读取次数=360)
[CMD_SERVER] Parsed command type=5
[CMD_SERVER] Enqueued, count=1
[P4.3] 轴2: 电流=-62, 错误=0x0000, 电压=48456mV, MOSFET=36.8°C, 电机=32.8°C (读取次数=360)
[CMD_SERVER] Parsed command type=5
[CMD_SERVER] Enqueued, count=1
[CMD_SERVER] Parsed command type=5
[CMD_SERVER] Enqueued, count=1
[CMD_SERVER] Parsed command type=5
[CMD_SERVER] Enqueued, count=1
[CMD_SERVER] Parsed command type=5
[CMD_SERVER] Enqueued, count=1
[CMD_SERVER] Parsed command type=5
[CMD_SERVER] Enqueued, count=1
[CMD_SERVER] Parsed command type=5
[CMD_SERVER] Enqueued, count=1
[CMD_SERVER] Parsed command type=5
[CMD_SERVER] Enqueued, count=1
[CMD_SERVER] Parsed command type=5
[CMD_SERVER] Enqueued, count=1
[CMD_SERVER] Parsed command type=5
[CMD_SERVER] Enqueued, count=1
[CMD_SERVER] Parsed command type=5
[CMD_SERVER] Enqueued, count=1
[CMD_SERVER] Parsed command type=5
[CMD_SERVER] Enqueued, count=1
[CMD_SERVER] Parsed command type=5
[CMD_SERVER] Enqueued, count=1
[CMD_SERVER] Parsed command type=5
[CMD_SERVER] Enqueued, count=1
[CMD_SERVER] Parsed command type=5
[CMD_SERVER] Enqueued, count=1
[CMD_SERVER] Parsed command type=5
[CMD_SERVER] Enqueued, count=1
[CMD_SERVER] Parsed command type=5
[CMD_SERVER] Enqueued, count=1
[CMD_SERVER] Parsed command type=5
[CMD_SERVER] Enqueued, count=1
[CMD_SERVER] Parsed command type=5
[CMD_SERVER] Enqueued, count=1
[CMD_SERVER] Parsed command type=5
[CMD_SERVER] Enqueued, count=1
[CMD_SERVER] Parsed command type=5
[CMD_SERVER] Enqueued, count=1
[CMD_SERVER] Parsed command type=5
[CMD_SERVER] Enqueued, count=1
[CMD_SERVER] Parsed command type=5
[CMD_SERVER] Enqueued, count=1
[CMD_SERVER] Parsed command type=5
[CMD_SERVER] Enqueued, count=1
[CMD_SERVER] Parsed command type=5
[CMD_SERVER] Enqueued, count=1
[CMD_SERVER] Parsed command type=5
[CMD_SERVER] Enqueued, count=1
[CMD_SERVER] Parsed command type=5
[CMD_SERVER] Enqueued, count=1
[CMD_SERVER] Parsed command type=5
[CMD_SERVER] Enqueued, count=1
[CMD_SERVER] Parsed command type=5
[CMD_SERVER] Enqueued, count=1
[CMD_SERVER] Parsed command type=5
[CMD_SERVER] Enqueued, count=1
[CMD_SERVER] Parsed command type=5
[CMD_SERVER] Enqueued, count=1
[CMD_SERVER] Parsed command type=5
[CMD_SERVER] Enqueued, count=1
[CMD_SERVER] Parsed command type=5
[CMD_SERVER] Enqueued, count=1
[CMD_SERVER] Parsed command type=5
[CMD_SERVER] Enqueued, count=1
[CMD_SERVER] Parsed command type=5
[CMD_SERVER] Enqueued, count=1
[CMD_SERVER] Parsed command type=5
[CMD_SERVER] Enqueued, count=1
[CMD_SERVER] Parsed command type=5
[CMD_SERVER] Enqueued, count=1
[CMD_SERVER] Parsed command type=5
[CMD_SERVER] Enqueued, count=1
[CMD_SERVER] Parsed command type=5
[CMD_SERVER] Enqueued, count=1
[CMD_SERVER] Parsed command type=5
[CMD_SERVER] Enqueued, count=1
[CMD_SERVER] Parsed command type=5
[CMD_SERVER] Enqueued, count=1
[CMD_SERVER] Parsed command type=5
[CMD_SERVER] Enqueued, count=1
[CMD_SERVER] Parsed command type=5
[CMD_SERVER] Enqueued, count=1
[CMD_SERVER] Parsed command type=5
[CMD_SERVER] Enqueued, count=1
[CMD_SERVER] Parsed command type=5
[CMD_SERVER] Enqueued, count=1
[CMD_SERVER] Parsed command type=5
[CMD_SERVER] Enqueued, count=1
[CMD_SERVER] Parsed command type=5
[CMD_SERVER] Enqueued, count=1
[CMD_SERVER] Parsed command type=5
[CMD_SERVER] Enqueued, count=1
[CMD_SERVER] Parsed command type=5
[CMD_SERVER] Enqueued, count=1
[CMD_SERVER] Parsed command type=5
[CMD_SERVER] Enqueued, count=1
[CMD_SERVER] Parsed command type=5
[CMD_SERVER] Enqueued, count=1
[CMD_SERVER] Parsed command type=5
[CMD_SERVER] Enqueued, count=1
[CMD_SERVER] Parsed command type=5
[CMD_SERVER] Enqueued, count=1
[CMD_SERVER] Parsed command type=5
[CMD_SERVER] Enqueued, count=1
[CMD_SERVER] Parsed command type=5
[CMD_SERVER] Enqueued, count=1
[CMD_SERVER] Parsed command type=5
[CMD_SERVER] Enqueued, count=1
[CMD_SERVER] Parsed command type=5
[CMD_SERVER] Enqueued, count=1
[CMD_SERVER] Parsed command type=5
[CMD_SERVER] Enqueued, count=1
[CMD_SERVER] Parsed command type=5
[CMD_SERVER] Enqueued, count=1
[CMD_SERVER] Parsed command type=5
[CMD_SERVER] Enqueued, count=1
[CMD_SERVER] Parsed command type=5
[CMD_SERVER] Enqueued, count=1
[CMD_SERVER] Parsed command type=5
[CMD_SERVER] Enqueued, count=1
[CMD_SERVER] Parsed command type=5
[CMD_SERVER] Enqueued, count=1
[CMD_SERVER] Parsed command type=5
[CMD_SERVER] Enqueued, count=1
[CMD_SERVER] Parsed command type=5
[CMD_SERVER] Enqueued, count=1
[CMD_SERVER] Parsed command type=5
[CMD_SERVER] Enqueued, count=1
[CMD_SERVER] Parsed command type=5
[CMD_SERVER] Enqueued, count=1
[CMD_SERVER] Parsed command type=5
[CMD_SERVER] Enqueued, count=1
[CMD_SERVER] Parsed command type=5
[CMD_SERVER] Enqueued, count=1
[CMD_SERVER] Parsed command type=5
[CMD_SERVER] Enqueued, count=1
[CMD_SERVER] Parsed command type=5
[CMD_SERVER] Enqueued, count=1
[CMD_SERVER] Parsed command type=5
[CMD_SERVER] Enqueued, count=1
[CMD_SERVER] Parsed command type=5
[CMD_SERVER] Enqueued, count=1
[CMD_SERVER] Parsed command type=5
[CMD_SERVER] Enqueued, count=1
[CMD_SERVER] Parsed command type=5
[CMD_SERVER] Enqueued, count=1
[CMD_SERVER] Parsed command type=5
[CMD_SERVER] Enqueued, count=1
[CMD_SERVER] Parsed command type=5
[CMD_SERVER] Enqueued, count=1
[CMD_SERVER] Parsed command type=5
[CMD_SERVER] Enqueued, count=1
[CMD_SERVER] Parsed command type=5
[CMD_SERVER] Enqueued, count=1
[CMD_SERVER] Parsed command type=5
[CMD_SERVER] Enqueued, count=1
[CMD_SERVER] Parsed command type=5
[CMD_SERVER] Enqueued, count=1
[CMD_SERVER] Parsed command type=5
[CMD_SERVER] Enqueued, count=1
[CMD_SERVER] Parsed command type=5
[CMD_SERVER] Enqueued, count=1
[CMD_SERVER] Parsed command type=5
[CMD_SERVER] Enqueued, count=1
[CMD_SERVER] Parsed command type=5
[CMD_SERVER] Enqueued, count=1
[CMD_SERVER] Parsed command type=5
[CMD_SERVER] Enqueued, count=1
[P4.3] 轴0: 电流=-194, 错误=0x0000, 电压=48225mV, MOSFET=36.5°C, 电机=33.9°C (读取次数=380)
[CMD_SERVER] Parsed command type=5
[CMD_SERVER] Enqueued, count=1
[P4.3] 轴1: 电流=32, 错误=0x0000, 电压=48192mV, MOSFET=34.9°C, 电机=33.7°C (读取次数=380)
[P4.3] 轴2: 电流=-29, 错误=0x0000, 电压=48448mV, MOSFET=36.9°C, 电机=32.8°C (读取次数=380)
[CMD_SERVER] Parsed command type=5
[CMD_SERVER] Enqueued, count=1
[CMD_SERVER] Parsed command type=5
[CMD_SERVER] Enqueued, count=1
[CMD_SERVER] Parsed command type=5
[CMD_SERVER] Enqueued, count=1
[CMD_SERVER] Parsed command type=5
[CMD_SERVER] Enqueued, count=1
[CMD_SERVER] Parsed command type=5
[CMD_SERVER] Enqueued, count=1
[CMD_SERVER] Parsed command type=5
[CMD_SERVER] Enqueued, count=1
[CMD_SERVER] Parsed command type=5
[CMD_SERVER] Enqueued, count=1
[CMD_SERVER] Parsed command type=5
[CMD_SERVER] Enqueued, count=1
[CMD_SERVER] Parsed command type=5
[CMD_SERVER] Enqueued, count=1
[CMD_SERVER] Parsed command type=5
[CMD_SERVER] Enqueued, count=1
[CMD_SERVER] Parsed command type=5
[CMD_SERVER] Enqueued, count=1
[CMD_SERVER] Parsed command type=5
[CMD_SERVER] Enqueued, count=1
[CMD_SERVER] Parsed command type=5
[CMD_SERVER] Enqueued, count=1
[CMD_SERVER] Parsed command type=5
[CMD_SERVER] Enqueued, count=1
[CMD_SERVER] Parsed command type=5
[CMD_SERVER] Enqueued, count=1
[CMD_SERVER] Parsed command type=5
[CMD_SERVER] Enqueued, count=1
[CMD_SERVER] Parsed command type=5
[CMD_SERVER] Enqueued, count=1
[CMD_SERVER] Parsed command type=5
[CMD_SERVER] Enqueued, count=1
[CMD_SERVER] Parsed command type=5
[CMD_SERVER] Enqueued, count=1
[CMD_SERVER] Parsed command type=5
[CMD_SERVER] Enqueued, count=1
[CMD_SERVER] Parsed command type=5
[CMD_SERVER] Enqueued, count=1
[CMD_SERVER] Parsed command type=5
[CMD_SERVER] Enqueued, count=1
[CMD_SERVER] Parsed command type=5
[CMD_SERVER] Enqueued, count=1
[CMD_SERVER] Parsed command type=5
[CMD_SERVER] Enqueued, count=1
[CMD_SERVER] Parsed command type=5
[CMD_SERVER] Enqueued, count=1
[CMD_SERVER] Parsed command type=5
[CMD_SERVER] Enqueued, count=1
[CMD_SERVER] Parsed command type=5
[CMD_SERVER] Enqueued, count=1
[CMD_SERVER] Parsed command type=5
[CMD_SERVER] Enqueued, count=1
[CMD_SERVER] Parsed command type=5
[CMD_SERVER] Enqueued, count=1
[CMD_SERVER] Parsed command type=5
[CMD_SERVER] Enqueued, count=1
[CMD_SERVER] Parsed command type=5
[CMD_SERVER] Enqueued, count=1
[CMD_SERVER] Parsed command type=5
[CMD_SERVER] Enqueued, count=1
[CMD_SERVER] Parsed command type=5
[CMD_SERVER] Enqueued, count=1
[CMD_SERVER] Parsed command type=5
[CMD_SERVER] Enqueued, count=1
[CMD_SERVER] Parsed command type=5
[CMD_SERVER] Enqueued, count=1
[CMD_SERVER] Parsed command type=5
[CMD_SERVER] Enqueued, count=1
[CMD_SERVER] Parsed command type=5
[CMD_SERVER] Enqueued, count=1
[CMD_SERVER] Parsed command type=5
[CMD_SERVER] Enqueued, count=1
[CMD_SERVER] Parsed command type=5
[CMD_SERVER] Enqueued, count=1
[CMD_SERVER] Parsed command type=5
[CMD_SERVER] Enqueued, count=1
[CMD_SERVER] Parsed command type=5
[CMD_SERVER] Enqueued, count=1
[CMD_SERVER] Parsed command type=5
[CMD_SERVER] Enqueued, count=1
[CMD_SERVER] Parsed command type=5
[CMD_SERVER] Enqueued, count=1
[CMD_SERVER] Parsed command type=5
[CMD_SERVER] Enqueued, count=1
[CMD_SERVER] Parsed command type=5
[CMD_SERVER] Enqueued, count=1
[CMD_SERVER] Parsed command type=5
[CMD_SERVER] Enqueued, count=1
[CMD_SERVER] Parsed command type=5
[CMD_SERVER] Enqueued, count=1
[CMD_SERVER] Parsed command type=5
[CMD_SERVER] Enqueued, count=1
[CMD_SERVER] Parsed command type=5
[CMD_SERVER] Enqueued, count=1
[CMD_SERVER] Parsed command type=5
[CMD_SERVER] Enqueued, count=1
[CMD_SERVER] Parsed command type=5
[CMD_SERVER] Enqueued, count=1
[CMD_SERVER] Parsed command type=5
[CMD_SERVER] Enqueued, count=1
[CMD_SERVER] Parsed command type=5
[CMD_SERVER] Enqueued, count=1
[CMD_SERVER] Parsed command type=5
[CMD_SERVER] Enqueued, count=1
[CMD_SERVER] Parsed command type=5
[CMD_SERVER] Enqueued, count=1
[CMD_SERVER] Parsed command type=5
[CMD_SERVER] Enqueued, count=1
[CMD_SERVER] Parsed command type=5
[CMD_SERVER] Enqueued, count=1
[CMD_SERVER] Parsed command type=5
[CMD_SERVER] Enqueued, count=1
[CMD_SERVER] Parsed command type=5
[CMD_SERVER] Enqueued, count=1
[CMD_SERVER] Parsed command type=5
[CMD_SERVER] Enqueued, count=1
[CMD_SERVER] Parsed command type=5
[CMD_SERVER] Enqueued, count=1
[CMD_SERVER] Parsed command type=5
[CMD_SERVER] Enqueued, count=1
[CMD_SERVER] Parsed command type=5
[CMD_SERVER] Enqueued, count=1
[CMD_SERVER] Parsed command type=5
[CMD_SERVER] Enqueued, count=1
[CMD_SERVER] Parsed command type=5
[CMD_SERVER] Enqueued, count=1
[CMD_SERVER] Parsed command type=5
[CMD_SERVER] Enqueued, count=1
[CMD_SERVER] Parsed command type=5
[CMD_SERVER] Enqueued, count=1
[CMD_SERVER] Parsed command type=5
[CMD_SERVER] Enqueued, count=1
[CMD_SERVER] Parsed command type=5
[CMD_SERVER] Enqueued, count=1
[CMD_SERVER] Parsed command type=5
[CMD_SERVER] Enqueued, count=1
[CMD_SERVER] Parsed command type=5
[CMD_SERVER] Enqueued, count=1
[CMD_SERVER] Parsed command type=5
[CMD_SERVER] Enqueued, count=1
[CMD_SERVER] Parsed command type=5
[CMD_SERVER] Enqueued, count=1
[CMD_SERVER] Parsed command type=5
[CMD_SERVER] Enqueued, count=1
[CMD_SERVER] Parsed command type=5
[CMD_SERVER] Enqueued, count=1
[CMD_SERVER] Parsed command type=5
[CMD_SERVER] Enqueued, count=1
[CMD_SERVER] Parsed command type=5
[CMD_SERVER] Enqueued, count=1
[CMD_SERVER] Parsed command type=5
[CMD_SERVER] Enqueued, count=1
[CMD_SERVER] Parsed command type=5
[CMD_SERVER] Enqueued, count=1
[CMD_SERVER] Parsed command type=5
[CMD_SERVER] Enqueued, count=1
[CMD_SERVER] Parsed command type=5
[CMD_SERVER] Enqueued, count=1
[CMD_SERVER] Parsed command type=5
[CMD_SERVER] Enqueued, count=1
[CMD_SERVER] Parsed command type=5
[CMD_SERVER] Enqueued, count=1
[CMD_SERVER] Parsed command type=5
[CMD_SERVER] Enqueued, count=1
[CMD_SERVER] Parsed command type=5
[CMD_SERVER] Enqueued, count=1
[CMD_SERVER] Parsed command type=5
[CMD_SERVER] Enqueued, count=1
[P4.3] 轴0: 电流=-196, 错误=0x0000, 电压=48230mV, MOSFET=36.5°C, 电机=33.9°C (读取次数=400)
[CMD_SERVER] Parsed command type=5
[CMD_SERVER] Enqueued, count=1
[P4.3] 轴1: 电流=70, 错误=0x0000, 电压=48179mV, MOSFET=34.9°C, 电机=33.7°C (读取次数=400)
[CMD_SERVER] Parsed command type=5
[CMD_SERVER] Enqueued, count=1
[P4.3] 轴2: 电流=8, 错误=0x0000, 电压=48453mV, MOSFET=36.9°C, 电机=32.8°C (读取次数=400)
[CMD_SERVER] Parsed command type=5
[CMD_SERVER] Enqueued, count=1
[CMD_SERVER] Parsed command type=5
[CMD_SERVER] Enqueued, count=1
[CMD_SERVER] Parsed command type=5
[CMD_SERVER] Enqueued, count=1
[CMD_SERVER] Parsed command type=5
[CMD_SERVER] Enqueued, count=1
[CMD_SERVER] Parsed command type=5
[CMD_SERVER] Enqueued, count=1
[CMD_SERVER] Parsed command type=5
[CMD_SERVER] Enqueued, count=1
[CMD_SERVER] Parsed command type=5
[CMD_SERVER] Enqueued, count=1
[CMD_SERVER] Parsed command type=5
[CMD_SERVER] Enqueued, count=1
[CMD_SERVER] Parsed command type=5
[CMD_SERVER] Enqueued, count=1
[CMD_SERVER] Parsed command type=5
[CMD_SERVER] Enqueued, count=1
[CMD_SERVER] Parsed command type=5
[CMD_SERVER] Enqueued, count=1
[CMD_SERVER] Parsed command type=5
[CMD_SERVER] Enqueued, count=1
[CMD_SERVER] Parsed command type=5
[CMD_SERVER] Enqueued, count=1
[CMD_SERVER] Parsed command type=5
[CMD_SERVER] Enqueued, count=1
[CMD_SERVER] Parsed command type=5
[CMD_SERVER] Enqueued, count=1
[CMD_SERVER] Parsed command type=5
[CMD_SERVER] Enqueued, count=1
[CMD_SERVER] Parsed command type=5
[CMD_SERVER] Enqueued, count=1
[CMD_SERVER] Parsed command type=5
[CMD_SERVER] Enqueued, count=1
[CMD_SERVER] Parsed command type=5
[CMD_SERVER] Enqueued, count=1
[CMD_SERVER] Parsed command type=5
[CMD_SERVER] Enqueued, count=1
[CMD_SERVER] Parsed command type=5
[CMD_SERVER] Enqueued, count=1
[CMD_SERVER] Parsed command type=5
[CMD_SERVER] Enqueued, count=1
[CMD_SERVER] Parsed command type=5
[CMD_SERVER] Enqueued, count=1
[CMD_SERVER] Parsed command type=5
[CMD_SERVER] Enqueued, count=1
[CMD_SERVER] Parsed command type=5
[CMD_SERVER] Enqueued, count=1
[CMD_SERVER] Parsed command type=5
[CMD_SERVER] Enqueued, count=1
[CMD_SERVER] Parsed command type=5
[CMD_SERVER] Enqueued, count=1
[CMD_SERVER] Parsed command type=5
[CMD_SERVER] Enqueued, count=1
[CMD_SERVER] Parsed command type=5
[CMD_SERVER] Enqueued, count=1
[CMD_SERVER] Parsed command type=5
[CMD_SERVER] Enqueued, count=1
[CMD_SERVER] Parsed command type=5
[CMD_SERVER] Enqueued, count=1
[CMD_SERVER] Parsed command type=5
[CMD_SERVER] Enqueued, count=1
[CMD_SERVER] Parsed command type=5
[CMD_SERVER] Enqueued, count=1
[CMD_SERVER] Parsed command type=5
[CMD_SERVER] Enqueued, count=1
[CMD_SERVER] Parsed command type=5
[CMD_SERVER] Enqueued, count=1
[CMD_SERVER] Parsed command type=5
[CMD_SERVER] Enqueued, count=1
[CMD_SERVER] Parsed command type=5
[CMD_SERVER] Enqueued, count=1
[CMD_SERVER] Parsed command type=5
[CMD_SERVER] Enqueued, count=1
[CMD_SERVER] Parsed command type=5
[CMD_SERVER] Enqueued, count=1
[CMD_SERVER] Parsed command type=5
[CMD_SERVER] Enqueued, count=1
[CMD_SERVER] Parsed command type=5
[CMD_SERVER] Enqueued, count=1
[CMD_SERVER] Parsed command type=5
[CMD_SERVER] Enqueued, count=1
[CMD_SERVER] Parsed command type=5
[CMD_SERVER] Enqueued, count=1
[CMD_SERVER] Parsed command type=5
[CMD_SERVER] Enqueued, count=1
[CMD_SERVER] Parsed command type=5
[CMD_SERVER] Enqueued, count=1
[CMD_SERVER] Parsed command type=5
[CMD_SERVER] Enqueued, count=1
[CMD_SERVER] Parsed command type=5
[CMD_SERVER] Enqueued, count=1
[CMD_SERVER] Parsed command type=1
[CMD_SERVER] Enqueued, count=1
[CMD_SERVER] Parsed command type=5
[CMD_SERVER] Enqueued, count=1
[CMD_SERVER] Parsed command type=5
[CMD_SERVER] Enqueued, count=1
[CMD_SERVER] Parsed command type=5
[CMD_SERVER] Enqueued, count=1
[CMD_SERVER] Parsed command type=5
[CMD_SERVER] Enqueued, count=1
[CMD_SERVER] Parsed command type=5
[CMD_SERVER] Enqueued, count=1
[CMD_SERVER] Parsed command type=5
[CMD_SERVER] Enqueued, count=1
[CMD_SERVER] Parsed command type=5
[CMD_SERVER] Enqueued, count=1
[CMD_SERVER] Parsed command type=5
[CMD_SERVER] Enqueued, count=1
[CMD_SERVER] Parsed command type=5
[CMD_SERVER] Enqueued, count=1
[CMD_SERVER] Parsed command type=5
[CMD_SERVER] Enqueued, count=1
[CMD_SERVER] Parsed command type=5
[CMD_SERVER] Enqueued, count=1
[CMD_SERVER] Parsed command type=5
[CMD_SERVER] Enqueued, count=1
[CMD_SERVER] Parsed command type=5
[CMD_SERVER] Enqueued, count=1
[CMD_SERVER] Parsed command type=5
[CMD_SERVER] Enqueued, count=1
[CMD_SERVER] Parsed command type=5
[CMD_SERVER] Enqueued, count=1
[CMD_SERVER] Parsed command type=5
[CMD_SERVER] Enqueued, count=1
[CMD_SERVER] Parsed command type=5
[CMD_SERVER] Enqueued, count=1
[CMD_SERVER] Parsed command type=5
[CMD_SERVER] Enqueued, count=1
[CMD_SERVER] Parsed command type=5
[CMD_SERVER] Enqueued, count=1
[CMD_SERVER] Parsed command type=5
[CMD_SERVER] Enqueued, count=1
[CMD_SERVER] Parsed command type=5
[CMD_SERVER] Enqueued, count=1
[CMD_SERVER] Parsed command type=5
[CMD_SERVER] Enqueued, count=1
[CMD_SERVER] Parsed command type=5
[CMD_SERVER] Enqueued, count=1
[CMD_SERVER] Parsed command type=5
[CMD_SERVER] Enqueued, count=1
[CMD_SERVER] Parsed command type=5
[CMD_SERVER] Enqueued, count=1
[CMD_SERVER] Parsed command type=5
[CMD_SERVER] Enqueued, count=1
[CMD_SERVER] Parsed command type=5
[CMD_SERVER] Enqueued, count=1
[CMD_SERVER] Parsed command type=5
[CMD_SERVER] Enqueued, count=1
[CMD_SERVER] Parsed command type=5
[CMD_SERVER] Enqueued, count=1
[CMD_SERVER] Parsed command type=5
[CMD_SERVER] Enqueued, count=1
[CMD_SERVER] Parsed command type=5
[CMD_SERVER] Enqueued, count=1
[CMD_SERVER] Parsed command type=5
[CMD_SERVER] Enqueued, count=1
[CMD_SERVER] Parsed command type=5
[CMD_SERVER] Enqueued, count=1
[CMD_SERVER] Parsed command type=5
[CMD_SERVER] Enqueued, count=1
[CMD_SERVER] Parsed command type=5
[CMD_SERVER] Enqueued, count=1
[CMD_SERVER] Parsed command type=5
[CMD_SERVER] Enqueued, count=1
[CMD_SERVER] Parsed command type=5
[CMD_SERVER] Enqueued, count=1
[CMD_SERVER] Parsed command type=5
[CMD_SERVER] Enqueued, count=1
[CMD_SERVER] Parsed command type=5
[CMD_SERVER] Enqueued, count=1
[CMD_SERVER] Parsed command type=5
[CMD_SERVER] Enqueued, count=1
[P4.3] 轴0: 电流=-153, 错误=0x0000, 电压=48228mV, MOSFET=36.5°C, 电机=33.9°C (读取次数=420)
[CMD_SERVER] Parsed command type=5
[CMD_SERVER] Enqueued, count=1
[P4.3] 轴1: 电流=54, 错误=0x0000, 电压=48204mV, MOSFET=34.9°C, 电机=33.7°C (读取次数=420)
[CMD_SERVER] Parsed command type=5
[CMD_SERVER] Enqueued, count=1
[P4.3] 轴2: 电流=29, 错误=0x0000, 电压=48453mV, MOSFET=36.9°C, 电机=32.8°C (读取次数=420)
[CMD_SERVER] Parsed command type=5
[CMD_SERVER] Enqueued, count=1
[CMD_SERVER] Parsed command type=5
[CMD_SERVER] Enqueued, count=1
[CMD_SERVER] Parsed command type=5
[CMD_SERVER] Enqueued, count=1
[CMD_SERVER] Parsed command type=5
[CMD_SERVER] Enqueued, count=1
[CMD_SERVER] Parsed command type=5
[CMD_SERVER] Enqueued, count=1
[CMD_SERVER] Parsed command type=5
[CMD_SERVER] Enqueued, count=1
[CMD_SERVER] Parsed command type=5
[CMD_SERVER] Enqueued, count=1
[CMD_SERVER] Parsed command type=5
[CMD_SERVER] Enqueued, count=1
[CMD_SERVER] Parsed command type=5
[CMD_SERVER] Enqueued, count=1
[CMD_SERVER] Parsed command type=5
[CMD_SERVER] Enqueued, count=1
[CMD_SERVER] Parsed command type=5
[CMD_SERVER] Enqueued, count=1
[CMD_SERVER] Parsed command type=5
[CMD_SERVER] Enqueued, count=1
[CMD_SERVER] Parsed command type=5
[CMD_SERVER] Enqueued, count=1
[CMD_SERVER] Parsed command type=5
[CMD_SERVER] Enqueued, count=1
[CMD_SERVER] Parsed command type=5
[CMD_SERVER] Enqueued, count=1
[CMD_SERVER] Parsed command type=5
[CMD_SERVER] Enqueued, count=1
[CMD_SERVER] Parsed command type=5
[CMD_SERVER] Enqueued, count=1
[CMD_SERVER] Parsed command type=5
[CMD_SERVER] Enqueued, count=1
[CMD_SERVER] Parsed command type=5
[CMD_SERVER] Enqueued, count=1
[CMD_SERVER] Parsed command type=5
[CMD_SERVER] Enqueued, count=1
[CMD_SERVER] Parsed command type=5
[CMD_SERVER] Enqueued, count=1
[CMD_SERVER] Parsed command type=5
[CMD_SERVER] Enqueued, count=1
[CMD_SERVER] Parsed command type=5
[CMD_SERVER] Enqueued, count=1
[CMD_SERVER] Parsed command type=5
[CMD_SERVER] Enqueued, count=1
[CMD_SERVER] Parsed command type=5
[CMD_SERVER] Enqueued, count=1
[CMD_SERVER] Parsed command type=5
[CMD_SERVER] Enqueued, count=1
[CMD_SERVER] Parsed command type=5
[CMD_SERVER] Enqueued, count=1
[CMD_SERVER] Parsed command type=5
[CMD_SERVER] Enqueued, count=1
[CMD_SERVER] Parsed command type=5
[CMD_SERVER] Enqueued, count=1
[CMD_SERVER] Parsed command type=5
[CMD_SERVER] Enqueued, count=1
[CMD_SERVER] Parsed command type=5
[CMD_SERVER] Enqueued, count=1
[CMD_SERVER] Parsed command type=5
[CMD_SERVER] Enqueued, count=1
[CMD_SERVER] Parsed command type=5
[CMD_SERVER] Enqueued, count=1
[CMD_SERVER] Parsed command type=5
[CMD_SERVER] Enqueued, count=1
[CMD_SERVER] Parsed command type=5
[CMD_SERVER] Enqueued, count=1
[CMD_SERVER] Parsed command type=5
[CMD_SERVER] Enqueued, count=1
[CMD_SERVER] Parsed command type=5
[CMD_SERVER] Enqueued, count=1
[CMD_SERVER] Parsed command type=5
[CMD_SERVER] Enqueued, count=1
[CMD_SERVER] Parsed command type=5
[CMD_SERVER] Enqueued, count=1
[CMD_SERVER] Parsed command type=5
[CMD_SERVER] Enqueued, count=1
[CMD_SERVER] Parsed command type=5
[CMD_SERVER] Enqueued, count=1
[CMD_SERVER] Parsed command type=5
[CMD_SERVER] Enqueued, count=1
[CMD_SERVER] Parsed command type=5
[CMD_SERVER] Enqueued, count=1
[CMD_SERVER] Parsed command type=5
[CMD_SERVER] Enqueued, count=1
[CMD_SERVER] Parsed command type=5
[CMD_SERVER] Enqueued, count=1
[CMD_SERVER] Parsed command type=5
[CMD_SERVER] Enqueued, count=1
[CMD_SERVER] Parsed command type=5
[CMD_SERVER] Enqueued, count=1
[CMD_SERVER] Parsed command type=5
[CMD_SERVER] Enqueued, count=1
[CMD_SERVER] Parsed command type=5
[CMD_SERVER] Enqueued, count=1
[CMD_SERVER] Parsed command type=5
[CMD_SERVER] Enqueued, count=1
[CMD_SERVER] Parsed command type=5
[CMD_SERVER] Enqueued, count=1
[CMD_SERVER] Parsed command type=5
[CMD_SERVER] Enqueued, count=1
[CMD_SERVER] Parsed command type=5
[CMD_SERVER] Enqueued, count=1
[CMD_SERVER] Parsed command type=5
[CMD_SERVER] Enqueued, count=1
[CMD_SERVER] Parsed command type=5
[CMD_SERVER] Enqueued, count=1
[CMD_SERVER] Parsed command type=5
[CMD_SERVER] Enqueued, count=1
[CMD_SERVER] Parsed command type=5
[CMD_SERVER] Enqueued, count=1
[CMD_SERVER] Parsed command type=5
[CMD_SERVER] Enqueued, count=1
[CMD_SERVER] Parsed command type=5
[CMD_SERVER] Enqueued, count=1
[CMD_SERVER] Parsed command type=5
[CMD_SERVER] Enqueued, count=1
[CMD_SERVER] Parsed command type=5
[CMD_SERVER] Enqueued, count=1
[CMD_SERVER] Parsed command type=5
[CMD_SERVER] Enqueued, count=1
[CMD_SERVER] Parsed command type=5
[CMD_SERVER] Enqueued, count=1
[CMD_SERVER] Parsed command type=5
[CMD_SERVER] Enqueued, count=1
[CMD_SERVER] Parsed command type=5
[CMD_SERVER] Enqueued, count=1
[CMD_SERVER] Parsed command type=5
[CMD_SERVER] Enqueued, count=1
[CMD_SERVER] Parsed command type=5
[CMD_SERVER] Enqueued, count=1
[CMD_SERVER] Parsed command type=5
[CMD_SERVER] Enqueued, count=1
[CMD_SERVER] Parsed command type=5
[CMD_SERVER] Enqueued, count=1
[CMD_SERVER] Parsed command type=5
[CMD_SERVER] Enqueued, count=1
[CMD_SERVER] Parsed command type=5
[CMD_SERVER] Enqueued, count=1
[CMD_SERVER] Parsed command type=5
[CMD_SERVER] Enqueued, count=1
[CMD_SERVER] Parsed command type=5
[CMD_SERVER] Enqueued, count=1
[CMD_SERVER] Parsed command type=5
[CMD_SERVER] Enqueued, count=1
[CMD_SERVER] Parsed command type=5
[CMD_SERVER] Enqueued, count=1
[CMD_SERVER] Parsed command type=5
[CMD_SERVER] Enqueued, count=1
[CMD_SERVER] Parsed command type=5
[CMD_SERVER] Enqueued, count=1
[CMD_SERVER] Parsed command type=5
[CMD_SERVER] Enqueued, count=1
[CMD_SERVER] Parsed command type=5
[CMD_SERVER] Enqueued, count=1
[CMD_SERVER] Parsed command type=5
[CMD_SERVER] Enqueued, count=1
[CMD_SERVER] Parsed command type=5
[CMD_SERVER] Enqueued, count=1
[CMD_SERVER] Parsed command type=5
[CMD_SERVER] Enqueued, count=1
[CMD_SERVER] Parsed command type=5
[CMD_SERVER] Enqueued, count=1
[CMD_SERVER] Parsed command type=5
[CMD_SERVER] Enqueued, count=1
[CMD_SERVER] Parsed command type=5
[CMD_SERVER] Enqueued, count=1
[P4.3] 轴0: 电流=-30, 错误=0x0000, 电压=48228mV, MOSFET=36.6°C, 电机=33.9°C (读取次数=440)
[CMD_SERVER] Parsed command type=5
[CMD_SERVER] Enqueued, count=1
[P4.3] 轴1: 电流=-72, 错误=0x0000, 电压=48209mV, MOSFET=34.9°C, 电机=33.7°C (读取次数=440)
[P4.3] 轴2: 电流=58, 错误=0x0000, 电压=48445mV, MOSFET=37.0°C, 电机=32.8°C (读取次数=440)
[CMD_SERVER] Parsed command type=5
[CMD_SERVER] Enqueued, count=1
[CMD_SERVER] Parsed command type=5
[CMD_SERVER] Enqueued, count=1
[CMD_SERVER] Parsed command type=5
[CMD_SERVER] Enqueued, count=1
[CMD_SERVER] Parsed command type=5
[CMD_SERVER] Enqueued, count=1
[CMD_SERVER] Parsed command type=5
[CMD_SERVER] Enqueued, count=1
[CMD_SERVER] Parsed command type=5
[CMD_SERVER] Enqueued, count=1
[CMD_SERVER] Parsed command type=5
[CMD_SERVER] Enqueued, count=1
[CMD_SERVER] Parsed command type=5
[CMD_SERVER] Enqueued, count=1
[CMD_SERVER] Parsed command type=5
[CMD_SERVER] Enqueued, count=1
[CMD_SERVER] Parsed command type=5
[CMD_SERVER] Enqueued, count=1
[CMD_SERVER] Parsed command type=5
[CMD_SERVER] Enqueued, count=1
[CMD_SERVER] Parsed command type=5
[CMD_SERVER] Enqueued, count=1
[CMD_SERVER] Parsed command type=5
[CMD_SERVER] Enqueued, count=1
[CMD_SERVER] Parsed command type=5
[CMD_SERVER] Enqueued, count=1
[CMD_SERVER] Parsed command type=5
[CMD_SERVER] Enqueued, count=1
[CMD_SERVER] Parsed command type=5
[CMD_SERVER] Enqueued, count=1
[CMD_SERVER] Parsed command type=5
[CMD_SERVER] Enqueued, count=1
[CMD_SERVER] Parsed command type=5
[CMD_SERVER] Enqueued, count=1
[CMD_SERVER] Parsed command type=5
[CMD_SERVER] Enqueued, count=1
[CMD_SERVER] Parsed command type=5
[CMD_SERVER] Enqueued, count=1
[CMD_SERVER] Parsed command type=5
[CMD_SERVER] Enqueued, count=1
[CMD_SERVER] Parsed command type=5
[CMD_SERVER] Enqueued, count=1
[CMD_SERVER] Parsed command type=5
[CMD_SERVER] Enqueued, count=1
[CMD_SERVER] Parsed command type=5
[CMD_SERVER] Enqueued, count=1
[CMD_SERVER] Parsed command type=5
[CMD_SERVER] Enqueued, count=1
[CMD_SERVER] Parsed command type=5
[CMD_SERVER] Enqueued, count=1
[CMD_SERVER] Parsed command type=5
[CMD_SERVER] Enqueued, count=1
[CMD_SERVER] Parsed command type=5
[CMD_SERVER] Enqueued, count=1
[CMD_SERVER] Parsed command type=5
[CMD_SERVER] Enqueued, count=1
[CMD_SERVER] Parsed command type=5
[CMD_SERVER] Enqueued, count=1
[CMD_SERVER] Parsed command type=5
[CMD_SERVER] Enqueued, count=1
[CMD_SERVER] Parsed command type=5
[CMD_SERVER] Enqueued, count=1
[CMD_SERVER] Parsed command type=5
[CMD_SERVER] Enqueued, count=1
[CMD_SERVER] Parsed command type=5
[CMD_SERVER] Enqueued, count=1
[CMD_SERVER] Parsed command type=5
[CMD_SERVER] Enqueued, count=1
[CMD_SERVER] Parsed command type=5
[CMD_SERVER] Enqueued, count=1
[CMD_SERVER] Parsed command type=5
[CMD_SERVER] Enqueued, count=1
[CMD_SERVER] Parsed command type=5
[CMD_SERVER] Enqueued, count=1
[CMD_SERVER] Parsed command type=5
[CMD_SERVER] Enqueued, count=1
[CMD_SERVER] Parsed command type=5
[CMD_SERVER] Enqueued, count=1
[CMD_SERVER] Parsed command type=5
[CMD_SERVER] Enqueued, count=1
[CMD_SERVER] Parsed command type=5
[CMD_SERVER] Enqueued, count=1
[CMD_SERVER] Parsed command type=5
[CMD_SERVER] Enqueued, count=1
[CMD_SERVER] Parsed command type=5
[CMD_SERVER] Enqueued, count=1
[CMD_SERVER] Parsed command type=5
[CMD_SERVER] Enqueued, count=1
[CMD_SERVER] Parsed command type=5
[CMD_SERVER] Enqueued, count=1
[CMD_SERVER] Parsed command type=5
[CMD_SERVER] Enqueued, count=1
[CMD_SERVER] Parsed command type=5
[CMD_SERVER] Enqueued, count=1
[CMD_SERVER] Parsed command type=5
[CMD_SERVER] Enqueued, count=1
[CMD_SERVER] Parsed command type=5
[CMD_SERVER] Enqueued, count=1
[CMD_SERVER] Parsed command type=5
[CMD_SERVER] Enqueued, count=1
[CMD_SERVER] Parsed command type=5
[CMD_SERVER] Enqueued, count=1
[CMD_SERVER] Parsed command type=5
[CMD_SERVER] Enqueued, count=1
[CMD_SERVER] Parsed command type=5
[CMD_SERVER] Enqueued, count=1
[CMD_SERVER] Parsed command type=5
[CMD_SERVER] Enqueued, count=1
[CMD_SERVER] Parsed command type=5
[CMD_SERVER] Enqueued, count=1
[CMD_SERVER] Parsed command type=5
[CMD_SERVER] Enqueued, count=1
[CMD_SERVER] Parsed command type=5
[CMD_SERVER] Enqueued, count=1
[CMD_SERVER] Parsed command type=5
[CMD_SERVER] Enqueued, count=1
[CMD_SERVER] Parsed command type=5
[CMD_SERVER] Enqueued, count=1
[CMD_SERVER] Parsed command type=5
[CMD_SERVER] Enqueued, count=1
[CMD_SERVER] Parsed command type=5
[CMD_SERVER] Enqueued, count=1
[CMD_SERVER] Parsed command type=5
[CMD_SERVER] Enqueued, count=1
[CMD_SERVER] Parsed command type=5
[CMD_SERVER] Enqueued, count=1
[CMD_SERVER] Parsed command type=5
[CMD_SERVER] Enqueued, count=1
[CMD_SERVER] Parsed command type=5
[CMD_SERVER] Enqueued, count=1
[CMD_SERVER] Parsed command type=5
[CMD_SERVER] Enqueued, count=1
[CMD_SERVER] Parsed command type=5
[CMD_SERVER] Enqueued, count=1
[CMD_SERVER] Parsed command type=5
[CMD_SERVER] Enqueued, count=1
[CMD_SERVER] Parsed command type=5
[CMD_SERVER] Enqueued, count=1
[CMD_SERVER] Parsed command type=5
[CMD_SERVER] Enqueued, count=1
[CMD_SERVER] Parsed command type=5
[CMD_SERVER] Enqueued, count=1
[CMD_SERVER] Parsed command type=5
[CMD_SERVER] Enqueued, count=1
[CMD_SERVER] Parsed command type=5
[CMD_SERVER] Enqueued, count=1
[CMD_SERVER] Parsed command type=5
[CMD_SERVER] Enqueued, count=1
[CMD_SERVER] Parsed command type=5
[CMD_SERVER] Enqueued, count=1
[CMD_SERVER] Parsed command type=5
[CMD_SERVER] Enqueued, count=1
[CMD_SERVER] Parsed command type=5
[CMD_SERVER] Enqueued, count=1
[CMD_SERVER] Parsed command type=5
[CMD_SERVER] Enqueued, count=1
[CMD_SERVER] Parsed command type=5
[CMD_SERVER] Enqueued, count=1
[CMD_SERVER] Parsed command type=5
[CMD_SERVER] Enqueued, count=1
[CMD_SERVER] Parsed command type=5
[CMD_SERVER] Enqueued, count=1
[CMD_SERVER] Parsed command type=5
[CMD_SERVER] Enqueued, count=1
[CMD_SERVER] Parsed command type=5
[CMD_SERVER] Enqueued, count=1
[CMD_SERVER] Parsed command type=5
[CMD_SERVER] Enqueued, count=1
[CMD_SERVER] Parsed command type=5
[CMD_SERVER] Enqueued, count=1
[CMD_SERVER] Parsed command type=5
[CMD_SERVER] Enqueued, count=1
[CMD_SERVER] Parsed command type=5
[CMD_SERVER] Enqueued, count=1
[P4.3] 轴0: 电流=41, 错误=0x0000, 电压=48217mV, MOSFET=36.6°C, 电机=33.9°C (读取次数=460)
[CMD_SERVER] Parsed command type=5
[CMD_SERVER] Enqueued, count=1
[P4.3] 轴1: 电流=-47, 错误=0x0000, 电压=48197mV, MOSFET=34.9°C, 电机=33.7°C (读取次数=460)
[CMD_SERVER] Parsed command type=5
[CMD_SERVER] Enqueued, count=1
[P4.3] 轴2: 电流=68, 错误=0x0000, 电压=48434mV, MOSFET=37.0°C, 电机=32.8°C (读取次数=460)
[CMD_SERVER] Parsed command type=5
[CMD_SERVER] Enqueued, count=1
[CMD_SERVER] Parsed command type=5
[CMD_SERVER] Enqueued, count=1
[CMD_SERVER] Parsed command type=5
[CMD_SERVER] Enqueued, count=1
[CMD_SERVER] Parsed command type=5
[CMD_SERVER] Enqueued, count=1
[CMD_SERVER] Parsed command type=5
[CMD_SERVER] Enqueued, count=1
[CMD_SERVER] Parsed command type=5
[CMD_SERVER] Enqueued, count=1
[CMD_SERVER] Parsed command type=5
[CMD_SERVER] Enqueued, count=1
[CMD_SERVER] Parsed command type=5
[CMD_SERVER] Enqueued, count=1
[CMD_SERVER] Parsed command type=5
[CMD_SERVER] Enqueued, count=1
[CMD_SERVER] Parsed command type=5
[CMD_SERVER] Enqueued, count=1
[CMD_SERVER] Parsed command type=5
[CMD_SERVER] Enqueued, count=1
[CMD_SERVER] Parsed command type=5
[CMD_SERVER] Enqueued, count=1
[CMD_SERVER] Parsed command type=5
[CMD_SERVER] Enqueued, count=1
[CMD_SERVER] Parsed command type=5
[CMD_SERVER] Enqueued, count=1
[CMD_SERVER] Parsed command type=5
[CMD_SERVER] Enqueued, count=1
[CMD_SERVER] Parsed command type=5
[CMD_SERVER] Enqueued, count=1
[CMD_SERVER] Parsed command type=5
[CMD_SERVER] Enqueued, count=1
[CMD_SERVER] Parsed command type=5
[CMD_SERVER] Enqueued, count=1
[CMD_SERVER] Parsed command type=5
[CMD_SERVER] Enqueued, count=1
[CMD_SERVER] Parsed command type=5
[CMD_SERVER] Enqueued, count=1
[CMD_SERVER] Parsed command type=5
[CMD_SERVER] Enqueued, count=1
[CMD_SERVER] Parsed command type=1
[CMD_SERVER] Enqueued, count=1
[CMD_SERVER] Parsed command type=5
[CMD_SERVER] Enqueued, count=1
[CMD_SERVER] Parsed command type=5
[CMD_SERVER] Enqueued, count=1
[CMD_SERVER] Parsed command type=5
[CMD_SERVER] Enqueued, count=1
[CMD_SERVER] Parsed command type=5
[CMD_SERVER] Enqueued, count=1
[CMD_SERVER] Parsed command type=5
[CMD_SERVER] Enqueued, count=1
[CMD_SERVER] Parsed command type=5
[CMD_SERVER] Enqueued, count=1
[CMD_SERVER] Parsed command type=5
[CMD_SERVER] Enqueued, count=1
[CMD_SERVER] Parsed command type=5
[CMD_SERVER] Enqueued, count=1
[CMD_SERVER] Parsed command type=5
[CMD_SERVER] Enqueued, count=1
[CMD_SERVER] Parsed command type=5
[CMD_SERVER] Enqueued, count=1
[CMD_SERVER] Parsed command type=5
[CMD_SERVER] Enqueued, count=1
[CMD_SERVER] Parsed command type=5
[CMD_SERVER] Enqueued, count=1
[CMD_SERVER] Parsed command type=5
[CMD_SERVER] Enqueued, count=1
[CMD_SERVER] Parsed command type=5
[CMD_SERVER] Enqueued, count=1
[CMD_SERVER] Parsed command type=5
[CMD_SERVER] Enqueued, count=1
[CMD_SERVER] Parsed command type=5
[CMD_SERVER] Enqueued, count=1
[CMD_SERVER] Parsed command type=5
[CMD_SERVER] Enqueued, count=1
[CMD_SERVER] Parsed command type=5
[CMD_SERVER] Enqueued, count=1
[CMD_SERVER] Parsed command type=5
[CMD_SERVER] Enqueued, count=1
[CMD_SERVER] Parsed command type=5
[CMD_SERVER] Enqueued, count=1
[CMD_SERVER] Parsed command type=5
[CMD_SERVER] Enqueued, count=1
[CMD_SERVER] Parsed command type=5
[CMD_SERVER] Enqueued, count=1
[CMD_SERVER] Parsed command type=5
[CMD_SERVER] Enqueued, count=1
[CMD_SERVER] Parsed command type=5
[CMD_SERVER] Enqueued, count=1
[CMD_SERVER] Parsed command type=5
[CMD_SERVER] Enqueued, count=1
[CMD_SERVER] Parsed command type=5
[CMD_SERVER] Enqueued, count=1
[CMD_SERVER] Parsed command type=5
[CMD_SERVER] Enqueued, count=1
[CMD_SERVER] Parsed command type=5
[CMD_SERVER] Enqueued, count=1
[CMD_SERVER] Parsed command type=5
[CMD_SERVER] Enqueued, count=1
[CMD_SERVER] Parsed command type=5
[CMD_SERVER] Enqueued, count=1
[CMD_SERVER] Parsed command type=5
[CMD_SERVER] Enqueued, count=1
[CMD_SERVER] Parsed command type=5
[CMD_SERVER] Enqueued, count=1
[CMD_SERVER] Parsed command type=5
[CMD_SERVER] Enqueued, count=1
[CMD_SERVER] Parsed command type=5
[CMD_SERVER] Enqueued, count=1
[CMD_SERVER] Parsed command type=5
[CMD_SERVER] Enqueued, count=1
[CMD_SERVER] Parsed command type=5
[CMD_SERVER] Enqueued, count=1
[CMD_SERVER] Parsed command type=5
[CMD_SERVER] Enqueued, count=1
[CMD_SERVER] Parsed command type=5
[CMD_SERVER] Enqueued, count=1
[CMD_SERVER] Parsed command type=5
[CMD_SERVER] Enqueued, count=1
[CMD_SERVER] Parsed command type=5
[CMD_SERVER] Enqueued, count=1
[CMD_SERVER] Parsed command type=5
[CMD_SERVER] Enqueued, count=1
[CMD_SERVER] Parsed command type=5
[CMD_SERVER] Enqueued, count=1
[CMD_SERVER] Parsed command type=5
[CMD_SERVER] Enqueued, count=1
[CMD_SERVER] Parsed command type=5
[CMD_SERVER] Enqueued, count=1
[CMD_SERVER] Parsed command type=5
[CMD_SERVER] Enqueued, count=1
[CMD_SERVER] Parsed command type=5
[CMD_SERVER] Enqueued, count=1
[CMD_SERVER] Parsed command type=5
[CMD_SERVER] Enqueued, count=1
[CMD_SERVER] Parsed command type=5
[CMD_SERVER] Enqueued, count=1
[CMD_SERVER] Parsed command type=5
[CMD_SERVER] Enqueued, count=1
[CMD_SERVER] Parsed command type=5
[CMD_SERVER] Enqueued, count=1
[CMD_SERVER] Parsed command type=5
[CMD_SERVER] Enqueued, count=1
[CMD_SERVER] Parsed command type=5
[CMD_SERVER] Enqueued, count=1
[CMD_SERVER] Parsed command type=5
[CMD_SERVER] Enqueued, count=1
[CMD_SERVER] Parsed command type=5
[CMD_SERVER] Enqueued, count=1
[CMD_SERVER] Parsed command type=5
[CMD_SERVER] Enqueued, count=1
[CMD_SERVER] Parsed command type=5
[CMD_SERVER] Enqueued, count=1
[CMD_SERVER] Parsed command type=5
[CMD_SERVER] Enqueued, count=1
[CMD_SERVER] Parsed command type=5
[CMD_SERVER] Enqueued, count=1
[CMD_SERVER] Parsed command type=5
[CMD_SERVER] Enqueued, count=1
[CMD_SERVER] Parsed command type=5
[CMD_SERVER] Enqueued, count=1
[CMD_SERVER] Parsed command type=5
[CMD_SERVER] Enqueued, count=1
[CMD_SERVER] Parsed command type=5
[CMD_SERVER] Enqueued, count=1
[CMD_SERVER] Parsed command type=5
[CMD_SERVER] Enqueued, count=1
[CMD_SERVER] Parsed command type=5
[CMD_SERVER] Enqueued, count=1
[P4.3] 轴0: 电流=48, 错误=0x0000, 电压=48211mV, MOSFET=36.7°C, 电机=33.9°C (读取次数=480)
[CMD_SERVER] Parsed command type=5
[CMD_SERVER] Enqueued, count=1
[P4.3] 轴1: 电流=-73, 错误=0x0000, 电压=48204mV, MOSFET=34.9°C, 电机=33.7°C (读取次数=480)
[P4.3] 轴2: 电流=77, 错误=0x0000, 电压=48432mV, MOSFET=37.0°C, 电机=32.8°C (读取次数=480)
[CMD_SERVER] Parsed command type=5
[CMD_SERVER] Enqueued, count=1
[CMD_SERVER] Parsed command type=5
[CMD_SERVER] Enqueued, count=1
[CMD_SERVER] Parsed command type=5
[CMD_SERVER] Enqueued, count=1
[CMD_SERVER] Parsed command type=5
[CMD_SERVER] Enqueued, count=1
[CMD_SERVER] Parsed command type=5
[CMD_SERVER] Enqueued, count=1
[CMD_SERVER] Parsed command type=5
[CMD_SERVER] Enqueued, count=1
[CMD_SERVER] Parsed command type=5
[CMD_SERVER] Enqueued, count=1
[CMD_SERVER] Parsed command type=5
[CMD_SERVER] Enqueued, count=1
[CMD_SERVER] Parsed command type=5
[CMD_SERVER] Enqueued, count=1
[CMD_SERVER] Parsed command type=5
[CMD_SERVER] Enqueued, count=1
[CMD_SERVER] Parsed command type=5
[CMD_SERVER] Enqueued, count=1
[CMD_SERVER] Parsed command type=5
[CMD_SERVER] Enqueued, count=1
[CMD_SERVER] Parsed command type=5
[CMD_SERVER] Enqueued, count=1
[CMD_SERVER] Parsed command type=5
[CMD_SERVER] Enqueued, count=1
[CMD_SERVER] Parsed command type=5
[CMD_SERVER] Enqueued, count=1
[CMD_SERVER] Parsed command type=5
[CMD_SERVER] Enqueued, count=1
[CMD_SERVER] Parsed command type=5
[CMD_SERVER] Enqueued, count=1
[CMD_SERVER] Parsed command type=5
[CMD_SERVER] Enqueued, count=1
[CMD_SERVER] Parsed command type=5
[CMD_SERVER] Enqueued, count=1
[CMD_SERVER] Parsed command type=5
[CMD_SERVER] Enqueued, count=1
[CMD_SERVER] Parsed command type=5
[CMD_SERVER] Enqueued, count=1
[CMD_SERVER] Parsed command type=5
[CMD_SERVER] Enqueued, count=1
[CMD_SERVER] Parsed command type=5
[CMD_SERVER] Enqueued, count=1
[CMD_SERVER] Parsed command type=5
[CMD_SERVER] Enqueued, count=1
[CMD_SERVER] Parsed command type=5
[CMD_SERVER] Enqueued, count=1
[CMD_SERVER] Parsed command type=5
[CMD_SERVER] Enqueued, count=1
[CMD_SERVER] Parsed command type=5
[CMD_SERVER] Enqueued, count=1
[CMD_SERVER] Parsed command type=5
[CMD_SERVER] Enqueued, count=1
[CMD_SERVER] Parsed command type=5
[CMD_SERVER] Enqueued, count=1
[CMD_SERVER] Parsed command type=5
[CMD_SERVER] Enqueued, count=1
[CMD_SERVER] Parsed command type=5
[CMD_SERVER] Enqueued, count=1
[CMD_SERVER] Parsed command type=5
[CMD_SERVER] Enqueued, count=1
[CMD_SERVER] Parsed command type=5
[CMD_SERVER] Enqueued, count=1
[CMD_SERVER] Parsed command type=5
[CMD_SERVER] Enqueued, count=1
[CMD_SERVER] Parsed command type=5
[CMD_SERVER] Enqueued, count=1
[CMD_SERVER] Parsed command type=5
[CMD_SERVER] Enqueued, count=1
[CMD_SERVER] Parsed command type=5
[CMD_SERVER] Enqueued, count=1
[CMD_SERVER] Parsed command type=5
[CMD_SERVER] Enqueued, count=1
[CMD_SERVER] Parsed command type=5
[CMD_SERVER] Enqueued, count=1
[CMD_SERVER] Parsed command type=5
[CMD_SERVER] Enqueued, count=1
[CMD_SERVER] Parsed command type=5
[CMD_SERVER] Enqueued, count=1
[CMD_SERVER] Parsed command type=5
[CMD_SERVER] Enqueued, count=1
[CMD_SERVER] Parsed command type=5
[CMD_SERVER] Enqueued, count=1
[CMD_SERVER] Parsed command type=5
[CMD_SERVER] Enqueued, count=1
[CMD_SERVER] Parsed command type=5
[CMD_SERVER] Enqueued, count=1
[CMD_SERVER] Parsed command type=5
[CMD_SERVER] Enqueued, count=1
[CMD_SERVER] Parsed command type=5
[CMD_SERVER] Enqueued, count=1
[CMD_SERVER] Parsed command type=5
[CMD_SERVER] Enqueued, count=1
[CMD_SERVER] Parsed command type=5
[CMD_SERVER] Enqueued, count=1
[CMD_SERVER] Parsed command type=5
[CMD_SERVER] Enqueued, count=1
[CMD_SERVER] Parsed command type=5
[CMD_SERVER] Enqueued, count=1
[CMD_SERVER] Parsed command type=5
[CMD_SERVER] Enqueued, count=1
[CMD_SERVER] Parsed command type=5
[CMD_SERVER] Enqueued, count=1
[CMD_SERVER] Parsed command type=5
[CMD_SERVER] Enqueued, count=1
[CMD_SERVER] Parsed command type=5
[CMD_SERVER] Enqueued, count=1
[CMD_SERVER] Parsed command type=5
[CMD_SERVER] Enqueued, count=1
[CMD_SERVER] Parsed command type=5
[CMD_SERVER] Enqueued, count=1
[CMD_SERVER] Parsed command type=5
[CMD_SERVER] Enqueued, count=1
[CMD_SERVER] Parsed command type=5
[CMD_SERVER] Enqueued, count=1
[CMD_SERVER] Parsed command type=5
[CMD_SERVER] Enqueued, count=1
[CMD_SERVER] Parsed command type=5
[CMD_SERVER] Enqueued, count=1
[CMD_SERVER] Parsed command type=5
[CMD_SERVER] Enqueued, count=1
[CMD_SERVER] Parsed command type=5
[CMD_SERVER] Enqueued, count=1
[CMD_SERVER] Parsed command type=5
[CMD_SERVER] Enqueued, count=1
[CMD_SERVER] Parsed command type=5
[CMD_SERVER] Enqueued, count=1
[CMD_SERVER] Parsed command type=5
[CMD_SERVER] Enqueued, count=1
[CMD_SERVER] Parsed command type=5
[CMD_SERVER] Enqueued, count=1
[CMD_SERVER] Parsed command type=5
[CMD_SERVER] Enqueued, count=1
[CMD_SERVER] Parsed command type=5
[CMD_SERVER] Enqueued, count=1
[CMD_SERVER] Parsed command type=5
[CMD_SERVER] Enqueued, count=1
[CMD_SERVER] Parsed command type=5
[CMD_SERVER] Enqueued, count=1
[CMD_SERVER] Parsed command type=5
[CMD_SERVER] Enqueued, count=1
[CMD_SERVER] Parsed command type=5
[CMD_SERVER] Enqueued, count=1
[CMD_SERVER] Parsed command type=5
[CMD_SERVER] Enqueued, count=1
[CMD_SERVER] Parsed command type=5
[CMD_SERVER] Enqueued, count=1
[CMD_SERVER] Parsed command type=5
[CMD_SERVER] Enqueued, count=1
[CMD_SERVER] Parsed command type=5
[CMD_SERVER] Enqueued, count=1
[CMD_SERVER] Parsed command type=5
[CMD_SERVER] Enqueued, count=1
[CMD_SERVER] Parsed command type=5
[CMD_SERVER] Enqueued, count=1
[CMD_SERVER] Parsed command type=5
[CMD_SERVER] Enqueued, count=1
[CMD_SERVER] Parsed command type=5
[CMD_SERVER] Enqueued, count=1
[CMD_SERVER] Parsed command type=5
[CMD_SERVER] Enqueued, count=1
[CMD_SERVER] Parsed command type=5
[CMD_SERVER] Enqueued, count=1
[CMD_SERVER] Parsed command type=5
[CMD_SERVER] Enqueued, count=1
[CMD_SERVER] Parsed command type=5
[CMD_SERVER] Enqueued, count=1
[CMD_SERVER] Parsed command type=5
[CMD_SERVER] Enqueued, count=1
[P4.3] 轴0: 电流=-127, 错误=0x0000, 电压=48187mV, MOSFET=36.7°C, 电机=33.9°C (读取次数=500)
[CMD_SERVER] Parsed command type=5
[CMD_SERVER] Enqueued, count=1
[P4.3] 轴1: 电流=99, 错误=0x0000, 电压=48239mV, MOSFET=35.0°C, 电机=33.7°C (读取次数=500)
[P4.3] 轴2: 电流=-19, 错误=0x0000, 电压=48456mV, MOSFET=37.1°C, 电机=32.8°C (读取次数=500)
[CMD_SERVER] Parsed command type=5
[CMD_SERVER] Enqueued, count=1
[CMD_SERVER] Parsed command type=5
[CMD_SERVER] Enqueued, count=1
[CMD_SERVER] Parsed command type=5
[CMD_SERVER] Enqueued, count=1
[CMD_SERVER] Parsed command type=5
[CMD_SERVER] Enqueued, count=1
[CMD_SERVER] Parsed command type=5
[CMD_SERVER] Enqueued, count=1
[CMD_SERVER] Parsed command type=5
[CMD_SERVER] Enqueued, count=1
[CMD_SERVER] Parsed command type=5
[CMD_SERVER] Enqueued, count=1
[CMD_SERVER] Parsed command type=5
[CMD_SERVER] Enqueued, count=1
[CMD_SERVER] Parsed command type=5
[CMD_SERVER] Enqueued, count=1
[CMD_SERVER] Parsed command type=5
[CMD_SERVER] Enqueued, count=1
[CMD_SERVER] Parsed command type=5
[CMD_SERVER] Enqueued, count=1
[CMD_SERVER] Parsed command type=5
[CMD_SERVER] Enqueued, count=1
[CMD_SERVER] Parsed command type=5
[CMD_SERVER] Enqueued, count=1
[CMD_SERVER] Parsed command type=5
[CMD_SERVER] Enqueued, count=1
[CMD_SERVER] Parsed command type=5
[CMD_SERVER] Enqueued, count=1
[P4.3] SDO 观测线程已退出
[CMD_SERVER] Parsed command type=5
[CMD_SERVER] Enqueued, count=1
[CMD_SERVER] Client idle for 5s, connection released
CiA 402 周期控制会话失败：过程数据交换的工作计数器不符合预期。
停机阶段未发出安全输出（通信不可用），不能据此认为驱动器已停用。
[WKC] 首次不符 交换号=47602 轴1: AL state=8, status_code=0x0000
[WKC] 首次不符 交换号=47602 轴2: AL state=8, status_code=0x0000
[WKC] 首次不符 交换号=47602 轴3: AL state=8, status_code=0x0000
[WKC] 首次不符 交换号=47604 轴1: AL state=8, status_code=0x0000
[WKC] 首次不符 交换号=47604 轴2: AL state=8, status_code=0x0000
[WKC] 首次不符 交换号=47604 轴3: AL state=20, status_code=0x001A
[SHUTDOWN] 停机入口 轴1: AL state=8, status_code=0x0000
[SHUTDOWN] 停机入口 轴2: AL state=8, status_code=0x0000
[SHUTDOWN] 停机入口 轴3: AL state=20, status_code=0x001A
[SHUTDOWN] 停止观测线程耗时 1.172 ms（该窗口内不发送过程数据）
[SHUTDOWN] 安全停机前 轴1: AL state=8, status_code=0x0000
[SHUTDOWN] 安全停机前 轴2: AL state=8, status_code=0x0000
[SHUTDOWN] 安全停机前 轴3: AL state=20, status_code=0x001A
从站位置 1：身份=通过，PDO=通过，映像=通过，输出=通过，反馈=通过，6061=通过（期望=8，实际反馈=8），6041=0x1237，6040=0x000F，初始位置=50846，实际位置=12715，当前目标=12617，运行使能到达=通过
从站位置 1：SAFE-OP 模式写入后立即读回，6061=通过/8，603F=0x0000，1001=0x00，203E=0x00000000，203F=0x00000000，诊断读取=通过
从站位置 1：位置换算读取=通过，608F=16384/1，6091=28/1
从站位置 2：身份=通过，PDO=通过，映像=通过，输出=通过，反馈=通过，6061=通过（期望=8，实际反馈=8），6041=0x1237，6040=0x000F，初始位置=326156，实际位置=288156，当前目标=287927，运行使能到达=通过
从站位置 2：SAFE-OP 模式写入后立即读回，6061=通过/8，603F=0x0000，1001=0x00，203E=0x00000000，203F=0x00000000，诊断读取=通过
从站位置 2：位置换算读取=通过，608F=16384/1，6091=28/1
从站位置 3：身份=通过，PDO=通过，映像=通过，输出=通过，反馈=通过，6061=通过（期望=8，实际反馈=8），6041=0x1237，6040=0x000F，初始位置=178212，实际位置=140055，当前目标=139983，运行使能到达=通过
从站位置 3：SAFE-OP 模式写入后立即读回，6061=通过/8，603F=0x0000，1001=0x00，203E=0x00000000，203F=0x00000000，诊断读取=通过
从站位置 3：位置换算读取=通过，608F=16384/1，6091=28/1
总线状态：SAFE-OP=通过，OP=通过，全部运行使能到达=通过，运动开始=通过，运动完成=失败，WKC=期望 9/最后交换 7，周期数=47608，停止请求=失败，安全输出=失败，停用确认=失败，Sync0关闭=通过，恢复INIT=通过
首次周期异常：交换号=47608，原因=过程数据交换的工作计数器不符合预期，WKC取得=通过，WKC=7
运行时故障现场：周期=47608，交换号=47608，原因=过程数据交换的工作计数器不符合预期，协调器判定=0（-1=未调用，0=通过，非零=拒绝整帧），轴数=3
  轴 1：状态字=0x1237，控制字=0x000F，解码状态=5，状态字可解=通过，驱动器故障=失败
  轴 2：状态字=0x1237，控制字=0x000F，解码状态=5，状态字可解=通过，驱动器故障=失败
  轴 3：状态字=0x1237，控制字=0x000F，解码状态=5，状态字可解=通过，驱动器故障=失败
运行配置与通信审计报告已保存：runtime/reports/orangepi-triple-30deg-latest.json
